method,path
GET,/
POST,/admin/sla/base
GET,/admin/sla/dashboard
POST,/admin/sla/overrides
GET,/admin/sla/policies
POST,/admin/sla/policies
GET,/admin/sla/simulator
GET,/admin/sla/violations
GET,/api/admin/audit/sla/breakdown
GET,/api/admin/audit/sla/metrics
GET,/api/admin/citizens
GET,/api/admin/citizens/export
GET,/api/admin/citizens/{citizen_id}
GET,/api/admin/dashboard
GET,/api/admin/dashboard/
GET,/api/admin/documents
GET,/api/admin/documents/export
GET,/api/admin/documents/{document_id}
POST,/api/admin/exports/citizens
POST,/api/admin/exports/documents
GET,/api/admin/exports/jobs
GET,/api/admin/exports/jobs/timeline
GET,/api/admin/exports/jobs/timeline/compare
GET,/api/admin/exports/jobs/{job_id}
GET,/api/admin/exports/jobs/{job_id}/detail
GET,/api/admin/exports/jobs/{job_id}/download
GET,/api/admin/exports/jobs/{job_id}/logs/stream
POST,/api/admin/exports/jobs/{job_id}/repeat
POST,/api/admin/exports/jobs/{job_id}/reprocess
GET,/api/admin/exports/jobs/{job_id}/stream
GET,/api/admin/exports/logs/stream
GET,/api/admin/exports/presets
POST,/api/admin/exports/presets
DELETE,/api/admin/exports/presets
POST,/api/admin/exports/preview
POST,/api/admin/exports/preview/detail
GET,/api/admin/observability/kpis
GET,/api/admin/requests
GET,/api/admin/requests/
GET,/api/admin/territory/municipalities/{municipality_id}/communes
GET,/api/admin/territory/provinces
GET,/api/admin/territory/provinces/{province_id}/municipalities
GET,/api/admin/territory/tree
POST,/api/auth/login
POST,/api/auth/logout
GET,/api/auth/me
POST,/api/auth/refresh
GET,/api/auth/whoami
GET,/api/citizen/events
GET,/api/citizen/notifications
POST,/api/citizen/notifications/read-all
GET,/api/citizen/notifications/unread-count
POST,/api/citizen/notifications/{notification_id}/read
GET,/api/citizen/profile
GET,/api/debug/auth-check
GET,/api/health
GET,/api/health/live
GET,/api/health/ready
POST,/api/v1/auth/login
POST,/api/v1/auth/login/access-token
POST,/api/v1/auth/logout
GET,/api/v1/auth/me
POST,/api/v1/auth/refresh
GET,/api/v1/events
GET,/api/v1/events/aggregates/{aggregate_id}
POST,/api/v1/events/health
GET,/api/v1/events/type/{event_type}
GET,/api/v1/events/{event_id}
POST,/api/v1/financas/invoices
GET,/api/v1/financas/invoices
GET,/api/v1/financas/invoices/citizen/{citizen_id}
GET,/api/v1/financas/invoices/{invoice_id}
POST,/api/v1/financas/payments
GET,/api/v1/financas/payments
GET,/api/v1/financas/payments/citizen/{citizen_id}
POST,/api/v1/financas/payments/confirm
POST,/api/v1/identidade/bi/emit
GET,/api/v1/identidade/bi/tipos-evento
POST,/api/v1/orders
POST,/api/v1/orders/{order_id}/complete
POST,/api/v1/orders/{order_id}/documents
GET,/api/v1/orders/{order_id}/receipt
POST,/api/v1/orders/{order_id}/submit
POST,/api/v1/payments/{order_id}/generate
POST,/api/v1/payments/{reference}/confirm
GET,/api/v1/portal/catalog
GET,/api/v1/service-catalog
GET,/api/v1/service-catalog/{service_code}
GET,/api/v1/service-catalog/{service_code}/form
POST,/api/v1/service-catalog/{service_code}/submit
GET,/api/v1/services
GET,/api/v1/{module}/ping
GET,/audit/state_audit/audit/alerts
GET,/audit/state_audit/audit/cases
POST,/audit/state_audit/audit/event
POST,/auth/login
POST,/auth/login/access-token
POST,/auth/logout
GET,/auth/me
POST,/auth/refresh
GET,/citizen/events
GET,/citizen/notifications
POST,/citizen/notifications/read-all
GET,/citizen/notifications/unread-count
POST,/citizen/notifications/{notification_id}/read
GET,/citizen/profile
GET,/civil_protection/tests/civil-protection-test/health
GET,/compliance/tests/compliance-test/health
GET,/economy/public_budget/budget/health
POST,/economy/taxpayer/taxpayer/payments/{payment_id}/reverse
POST,/economy/taxpayer/taxpayer/register
GET,/economy/taxpayer/taxpayer/search
GET,/economy/taxpayer/taxpayer/{taxpayer_id}
PATCH,/economy/taxpayer/taxpayer/{taxpayer_id}
POST,/economy/taxpayer/taxpayer/{taxpayer_id}/certificates
GET,/economy/taxpayer/taxpayer/{taxpayer_id}/certificates
GET,/economy/taxpayer/taxpayer/{taxpayer_id}/debts
POST,/economy/taxpayer/taxpayer/{taxpayer_id}/declarations
GET,/economy/taxpayer/taxpayer/{taxpayer_id}/declarations
GET,/economy/taxpayer/taxpayer/{taxpayer_id}/payments
GET,/economy/taxpayer/taxpayer/{taxpayer_id}/summary
GET,/economy/tests/economy-test/health
POST,/economy/trade/external/comercio_externo/agentes-carga/
GET,/economy/trade/external/comercio_externo/agentes-carga/
GET,/economy/trade/external/comercio_externo/agentes-carga/{item_id}
PATCH,/economy/trade/external/comercio_externo/agentes-carga/{item_id}/cancelar
PATCH,/economy/trade/external/comercio_externo/agentes-carga/{item_id}/habilitar
PATCH,/economy/trade/external/comercio_externo/agentes-carga/{item_id}/reabilitar
PATCH,/economy/trade/external/comercio_externo/agentes-carga/{item_id}/suspender
POST,/economy/trade/external/comercio_externo/cancelamento_radar/
GET,/economy/trade/external/comercio_externo/cancelamento_radar/
GET,/economy/trade/external/comercio_externo/cancelamento_radar/{item_id}
PATCH,/economy/trade/external/comercio_externo/cancelamento_radar/{item_id}/aprovar
PATCH,/economy/trade/external/comercio_externo/cancelamento_radar/{item_id}/reabrir
PATCH,/economy/trade/external/comercio_externo/cancelamento_radar/{item_id}/rejeitar
POST,/economy/trade/external/comercio_externo/despachantes/
GET,/economy/trade/external/comercio_externo/despachantes/
GET,/economy/trade/external/comercio_externo/despachantes/{item_id}
PATCH,/economy/trade/external/comercio_externo/despachantes/{item_id}/cancelar
PATCH,/economy/trade/external/comercio_externo/despachantes/{item_id}/habilitar
PATCH,/economy/trade/external/comercio_externo/despachantes/{item_id}/reabilitar
PATCH,/economy/trade/external/comercio_externo/despachantes/{item_id}/suspender
POST,/economy/trade/external/comercio_externo/drawback/
GET,/economy/trade/external/comercio_externo/drawback/
GET,/economy/trade/external/comercio_externo/drawback/{item_id}
PATCH,/economy/trade/external/comercio_externo/drawback/{item_id}/cancelar
PATCH,/economy/trade/external/comercio_externo/drawback/{item_id}/habilitar
PATCH,/economy/trade/external/comercio_externo/drawback/{item_id}/reabilitar
PATCH,/economy/trade/external/comercio_externo/drawback/{item_id}/suspender
POST,/economy/trade/external/comercio_externo/drawback_externo/
GET,/economy/trade/external/comercio_externo/drawback_externo/
GET,/economy/trade/external/comercio_externo/drawback_externo/{item_id}
PATCH,/economy/trade/external/comercio_externo/drawback_externo/{item_id}/aprovar
PATCH,/economy/trade/external/comercio_externo/drawback_externo/{item_id}/reabrir
PATCH,/economy/trade/external/comercio_externo/drawback_externo/{item_id}/rejeitar
POST,/economy/trade/external/comercio_externo/drawback_integrado/
GET,/economy/trade/external/comercio_externo/drawback_integrado/
GET,/economy/trade/external/comercio_externo/drawback_integrado/{item_id}
PATCH,/economy/trade/external/comercio_externo/drawback_integrado/{item_id}/aprovar
PATCH,/economy/trade/external/comercio_externo/drawback_integrado/{item_id}/reabrir
PATCH,/economy/trade/external/comercio_externo/drawback_integrado/{item_id}/rejeitar
POST,/economy/trade/external/comercio_externo/drawback_interno/
GET,/economy/trade/external/comercio_externo/drawback_interno/
GET,/economy/trade/external/comercio_externo/drawback_interno/{item_id}
PATCH,/economy/trade/external/comercio_externo/drawback_interno/{item_id}/aprovar
PATCH,/economy/trade/external/comercio_externo/drawback_interno/{item_id}/reabrir
PATCH,/economy/trade/external/comercio_externo/drawback_interno/{item_id}/rejeitar
POST,/economy/trade/external/comercio_externo/drawback_isencao/
GET,/economy/trade/external/comercio_externo/drawback_isencao/
GET,/economy/trade/external/comercio_externo/drawback_isencao/{item_id}
PATCH,/economy/trade/external/comercio_externo/drawback_isencao/{item_id}/aprovar
PATCH,/economy/trade/external/comercio_externo/drawback_isencao/{item_id}/reabrir
PATCH,/economy/trade/external/comercio_externo/drawback_isencao/{item_id}/rejeitar
POST,/economy/trade/external/comercio_externo/drawback_restituicao/
GET,/economy/trade/external/comercio_externo/drawback_restituicao/
GET,/economy/trade/external/comercio_externo/drawback_restituicao/{item_id}
PATCH,/economy/trade/external/comercio_externo/drawback_restituicao/{item_id}/aprovar
PATCH,/economy/trade/external/comercio_externo/drawback_restituicao/{item_id}/reabrir
PATCH,/economy/trade/external/comercio_externo/drawback_restituicao/{item_id}/rejeitar
POST,/economy/trade/external/comercio_externo/drawback_substituicao/
GET,/economy/trade/external/comercio_externo/drawback_substituicao/
GET,/economy/trade/external/comercio_externo/drawback_substituicao/{item_id}
PATCH,/economy/trade/external/comercio_externo/drawback_substituicao/{item_id}/aprovar
PATCH,/economy/trade/external/comercio_externo/drawback_substituicao/{item_id}/reabrir
PATCH,/economy/trade/external/comercio_externo/drawback_substituicao/{item_id}/rejeitar
POST,/economy/trade/external/comercio_externo/drawback_suspensao/
GET,/economy/trade/external/comercio_externo/drawback_suspensao/
GET,/economy/trade/external/comercio_externo/drawback_suspensao/{item_id}
PATCH,/economy/trade/external/comercio_externo/drawback_suspensao/{item_id}/aprovar
PATCH,/economy/trade/external/comercio_externo/drawback_suspensao/{item_id}/reabrir
PATCH,/economy/trade/external/comercio_externo/drawback_suspensao/{item_id}/rejeitar
POST,/economy/trade/external/comercio_externo/drawback_verde_amarelo/
GET,/economy/trade/external/comercio_externo/drawback_verde_amarelo/
GET,/economy/trade/external/comercio_externo/drawback_verde_amarelo/{item_id}
PATCH,/economy/trade/external/comercio_externo/drawback_verde_amarelo/{item_id}/aprovar
PATCH,/economy/trade/external/comercio_externo/drawback_verde_amarelo/{item_id}/reabrir
PATCH,/economy/trade/external/comercio_externo/drawback_verde_amarelo/{item_id}/rejeitar
POST,/economy/trade/external/comercio_externo/exportadores/
GET,/economy/trade/external/comercio_externo/exportadores/
GET,/economy/trade/external/comercio_externo/exportadores/{item_id}
PATCH,/economy/trade/external/comercio_externo/exportadores/{item_id}/cancelar
PATCH,/economy/trade/external/comercio_externo/exportadores/{item_id}/habilitar
PATCH,/economy/trade/external/comercio_externo/exportadores/{item_id}/paises-destino
PATCH,/economy/trade/external/comercio_externo/exportadores/{item_id}/produtos
PATCH,/economy/trade/external/comercio_externo/exportadores/{item_id}/reabilitar
PATCH,/economy/trade/external/comercio_externo/exportadores/{item_id}/suspender
POST,/economy/trade/external/comercio_externo/habilitacao_radar/
GET,/economy/trade/external/comercio_externo/habilitacao_radar/
GET,/economy/trade/external/comercio_externo/habilitacao_radar/{item_id}
PATCH,/economy/trade/external/comercio_externo/habilitacao_radar/{item_id}/aprovar
PATCH,/economy/trade/external/comercio_externo/habilitacao_radar/{item_id}/reabrir
PATCH,/economy/trade/external/comercio_externo/habilitacao_radar/{item_id}/rejeitar
POST,/economy/trade/external/comercio_externo/habilitacoes-exportador/
GET,/economy/trade/external/comercio_externo/habilitacoes-exportador/
GET,/economy/trade/external/comercio_externo/habilitacoes-exportador/{item_id}
PATCH,/economy/trade/external/comercio_externo/habilitacoes-exportador/{item_id}/aprovar
PATCH,/economy/trade/external/comercio_externo/habilitacoes-exportador/{item_id}/reabrir
PATCH,/economy/trade/external/comercio_externo/habilitacoes-exportador/{item_id}/rejeitar
POST,/economy/trade/external/comercio_externo/habilitacoes-importador/
GET,/economy/trade/external/comercio_externo/habilitacoes-importador/
GET,/economy/trade/external/comercio_externo/habilitacoes-importador/{item_id}
PATCH,/economy/trade/external/comercio_externo/habilitacoes-importador/{item_id}/aprovar
PATCH,/economy/trade/external/comercio_externo/habilitacoes-importador/{item_id}/reabrir
PATCH,/economy/trade/external/comercio_externo/habilitacoes-importador/{item_id}/rejeitar
POST,/economy/trade/external/comercio_externo/importadores/
GET,/economy/trade/external/comercio_externo/importadores/
GET,/economy/trade/external/comercio_externo/importadores/{item_id}
PATCH,/economy/trade/external/comercio_externo/importadores/{item_id}/cancelar
PATCH,/economy/trade/external/comercio_externo/importadores/{item_id}/habilitar
PATCH,/economy/trade/external/comercio_externo/importadores/{item_id}/paises-origem
PATCH,/economy/trade/external/comercio_externo/importadores/{item_id}/produtos
PATCH,/economy/trade/external/comercio_externo/importadores/{item_id}/reabilitar
PATCH,/economy/trade/external/comercio_externo/importadores/{item_id}/suspender
POST,/economy/trade/external/comercio_externo/radar/
GET,/economy/trade/external/comercio_externo/radar/
GET,/economy/trade/external/comercio_externo/radar/{item_id}
PATCH,/economy/trade/external/comercio_externo/radar/{item_id}/cancelar
PATCH,/economy/trade/external/comercio_externo/radar/{item_id}/habilitar
PATCH,/economy/trade/external/comercio_externo/radar/{item_id}/reabilitar
PATCH,/economy/trade/external/comercio_externo/radar/{item_id}/suspender
POST,/economy/trade/external/comercio_externo/siscomex_drawback/
GET,/economy/trade/external/comercio_externo/siscomex_drawback/
GET,/economy/trade/external/comercio_externo/siscomex_drawback/{item_id}
PATCH,/economy/trade/external/comercio_externo/siscomex_drawback/{item_id}/aprovar
PATCH,/economy/trade/external/comercio_externo/siscomex_drawback/{item_id}/reabrir
PATCH,/economy/trade/external/comercio_externo/siscomex_drawback/{item_id}/rejeitar
POST,/economy/trade/external/comercio_externo/suspensao_radar/
GET,/economy/trade/external/comercio_externo/suspensao_radar/
GET,/economy/trade/external/comercio_externo/suspensao_radar/{item_id}
PATCH,/economy/trade/external/comercio_externo/suspensao_radar/{item_id}/aprovar
PATCH,/economy/trade/external/comercio_externo/suspensao_radar/{item_id}/reabrir
PATCH,/economy/trade/external/comercio_externo/suspensao_radar/{item_id}/rejeitar
POST,/economy/trade/external/comercio_externo/transportadores-internacionais/
GET,/economy/trade/external/comercio_externo/transportadores-internacionais/
GET,/economy/trade/external/comercio_externo/transportadores-internacionais/{item_id}
PATCH,/economy/trade/external/comercio_externo/transportadores-internacionais/{item_id}/cancelar
PATCH,/economy/trade/external/comercio_externo/transportadores-internacionais/{item_id}/habilitar
PATCH,/economy/trade/external/comercio_externo/transportadores-internacionais/{item_id}/reabilitar
PATCH,/economy/trade/external/comercio_externo/transportadores-internacionais/{item_id}/suspender
POST,/economy/trade/services/comercio_servicos/estabelecimentos_comerciais/
GET,/economy/trade/services/comercio_servicos/estabelecimentos_comerciais/
GET,/economy/trade/services/comercio_servicos/estabelecimentos_comerciais/{item_id}
PATCH,/economy/trade/services/comercio_servicos/estabelecimentos_comerciais/{item_id}/associar_ramo
PATCH,/economy/trade/services/comercio_servicos/estabelecimentos_comerciais/{item_id}/definir_porte
PATCH,/economy/trade/services/comercio_servicos/estabelecimentos_comerciais/{item_id}/encerrar
PATCH,/economy/trade/services/comercio_servicos/estabelecimentos_comerciais/{item_id}/iniciar_atividades
PATCH,/economy/trade/services/comercio_servicos/estabelecimentos_comerciais/{item_id}/suspender_atividades
GET,/economy/trade/services/comercio_servicos/portes
GET,/economy/trade/services/comercio_servicos/ramos
POST,/economy/trade/trade/comercio_externo/agentes-carga/
GET,/economy/trade/trade/comercio_externo/agentes-carga/
GET,/economy/trade/trade/comercio_externo/agentes-carga/{item_id}
PATCH,/economy/trade/trade/comercio_externo/agentes-carga/{item_id}/cancelar
PATCH,/economy/trade/trade/comercio_externo/agentes-carga/{item_id}/habilitar
PATCH,/economy/trade/trade/comercio_externo/agentes-carga/{item_id}/reabilitar
PATCH,/economy/trade/trade/comercio_externo/agentes-carga/{item_id}/suspender
POST,/economy/trade/trade/comercio_externo/cancelamento_radar/
GET,/economy/trade/trade/comercio_externo/cancelamento_radar/
GET,/economy/trade/trade/comercio_externo/cancelamento_radar/{item_id}
PATCH,/economy/trade/trade/comercio_externo/cancelamento_radar/{item_id}/aprovar
PATCH,/economy/trade/trade/comercio_externo/cancelamento_radar/{item_id}/reabrir
PATCH,/economy/trade/trade/comercio_externo/cancelamento_radar/{item_id}/rejeitar
POST,/economy/trade/trade/comercio_externo/despachantes/
GET,/economy/trade/trade/comercio_externo/despachantes/
GET,/economy/trade/trade/comercio_externo/despachantes/{item_id}
PATCH,/economy/trade/trade/comercio_externo/despachantes/{item_id}/cancelar
PATCH,/economy/trade/trade/comercio_externo/despachantes/{item_id}/habilitar
PATCH,/economy/trade/trade/comercio_externo/despachantes/{item_id}/reabilitar
PATCH,/economy/trade/trade/comercio_externo/despachantes/{item_id}/suspender
POST,/economy/trade/trade/comercio_externo/drawback/
GET,/economy/trade/trade/comercio_externo/drawback/
GET,/economy/trade/trade/comercio_externo/drawback/{item_id}
PATCH,/economy/trade/trade/comercio_externo/drawback/{item_id}/cancelar
PATCH,/economy/trade/trade/comercio_externo/drawback/{item_id}/habilitar
PATCH,/economy/trade/trade/comercio_externo/drawback/{item_id}/reabilitar
PATCH,/economy/trade/trade/comercio_externo/drawback/{item_id}/suspender
POST,/economy/trade/trade/comercio_externo/drawback_externo/
GET,/economy/trade/trade/comercio_externo/drawback_externo/
GET,/economy/trade/trade/comercio_externo/drawback_externo/{item_id}
PATCH,/economy/trade/trade/comercio_externo/drawback_externo/{item_id}/aprovar
PATCH,/economy/trade/trade/comercio_externo/drawback_externo/{item_id}/reabrir
PATCH,/economy/trade/trade/comercio_externo/drawback_externo/{item_id}/rejeitar
POST,/economy/trade/trade/comercio_externo/drawback_integrado/
GET,/economy/trade/trade/comercio_externo/drawback_integrado/
GET,/economy/trade/trade/comercio_externo/drawback_integrado/{item_id}
PATCH,/economy/trade/trade/comercio_externo/drawback_integrado/{item_id}/aprovar
PATCH,/economy/trade/trade/comercio_externo/drawback_integrado/{item_id}/reabrir
PATCH,/economy/trade/trade/comercio_externo/drawback_integrado/{item_id}/rejeitar
POST,/economy/trade/trade/comercio_externo/drawback_interno/
GET,/economy/trade/trade/comercio_externo/drawback_interno/
GET,/economy/trade/trade/comercio_externo/drawback_interno/{item_id}
PATCH,/economy/trade/trade/comercio_externo/drawback_interno/{item_id}/aprovar
PATCH,/economy/trade/trade/comercio_externo/drawback_interno/{item_id}/reabrir
PATCH,/economy/trade/trade/comercio_externo/drawback_interno/{item_id}/rejeitar
POST,/economy/trade/trade/comercio_externo/drawback_isencao/
GET,/economy/trade/trade/comercio_externo/drawback_isencao/
GET,/economy/trade/trade/comercio_externo/drawback_isencao/{item_id}
PATCH,/economy/trade/trade/comercio_externo/drawback_isencao/{item_id}/aprovar
PATCH,/economy/trade/trade/comercio_externo/drawback_isencao/{item_id}/reabrir
PATCH,/economy/trade/trade/comercio_externo/drawback_isencao/{item_id}/rejeitar
POST,/economy/trade/trade/comercio_externo/drawback_restituicao/
GET,/economy/trade/trade/comercio_externo/drawback_restituicao/
GET,/economy/trade/trade/comercio_externo/drawback_restituicao/{item_id}
PATCH,/economy/trade/trade/comercio_externo/drawback_restituicao/{item_id}/aprovar
PATCH,/economy/trade/trade/comercio_externo/drawback_restituicao/{item_id}/reabrir
PATCH,/economy/trade/trade/comercio_externo/drawback_restituicao/{item_id}/rejeitar
POST,/economy/trade/trade/comercio_externo/drawback_substituicao/
GET,/economy/trade/trade/comercio_externo/drawback_substituicao/
GET,/economy/trade/trade/comercio_externo/drawback_substituicao/{item_id}
PATCH,/economy/trade/trade/comercio_externo/drawback_substituicao/{item_id}/aprovar
PATCH,/economy/trade/trade/comercio_externo/drawback_substituicao/{item_id}/reabrir
PATCH,/economy/trade/trade/comercio_externo/drawback_substituicao/{item_id}/rejeitar
POST,/economy/trade/trade/comercio_externo/drawback_suspensao/
GET,/economy/trade/trade/comercio_externo/drawback_suspensao/
GET,/economy/trade/trade/comercio_externo/drawback_suspensao/{item_id}
PATCH,/economy/trade/trade/comercio_externo/drawback_suspensao/{item_id}/aprovar
PATCH,/economy/trade/trade/comercio_externo/drawback_suspensao/{item_id}/reabrir
PATCH,/economy/trade/trade/comercio_externo/drawback_suspensao/{item_id}/rejeitar
POST,/economy/trade/trade/comercio_externo/drawback_verde_amarelo/
GET,/economy/trade/trade/comercio_externo/drawback_verde_amarelo/
GET,/economy/trade/trade/comercio_externo/drawback_verde_amarelo/{item_id}
PATCH,/economy/trade/trade/comercio_externo/drawback_verde_amarelo/{item_id}/aprovar
PATCH,/economy/trade/trade/comercio_externo/drawback_verde_amarelo/{item_id}/reabrir
PATCH,/economy/trade/trade/comercio_externo/drawback_verde_amarelo/{item_id}/rejeitar
POST,/economy/trade/trade/comercio_externo/exportadores/
GET,/economy/trade/trade/comercio_externo/exportadores/
GET,/economy/trade/trade/comercio_externo/exportadores/{item_id}
PATCH,/economy/trade/trade/comercio_externo/exportadores/{item_id}/cancelar
PATCH,/economy/trade/trade/comercio_externo/exportadores/{item_id}/habilitar
PATCH,/economy/trade/trade/comercio_externo/exportadores/{item_id}/paises-destino
PATCH,/economy/trade/trade/comercio_externo/exportadores/{item_id}/produtos
PATCH,/economy/trade/trade/comercio_externo/exportadores/{item_id}/reabilitar
PATCH,/economy/trade/trade/comercio_externo/exportadores/{item_id}/suspender
POST,/economy/trade/trade/comercio_externo/habilitacao_radar/
GET,/economy/trade/trade/comercio_externo/habilitacao_radar/
GET,/economy/trade/trade/comercio_externo/habilitacao_radar/{item_id}
PATCH,/economy/trade/trade/comercio_externo/habilitacao_radar/{item_id}/aprovar
PATCH,/economy/trade/trade/comercio_externo/habilitacao_radar/{item_id}/reabrir
PATCH,/economy/trade/trade/comercio_externo/habilitacao_radar/{item_id}/rejeitar
POST,/economy/trade/trade/comercio_externo/habilitacoes-exportador/
GET,/economy/trade/trade/comercio_externo/habilitacoes-exportador/
GET,/economy/trade/trade/comercio_externo/habilitacoes-exportador/{item_id}
PATCH,/economy/trade/trade/comercio_externo/habilitacoes-exportador/{item_id}/aprovar
PATCH,/economy/trade/trade/comercio_externo/habilitacoes-exportador/{item_id}/reabrir
PATCH,/economy/trade/trade/comercio_externo/habilitacoes-exportador/{item_id}/rejeitar
POST,/economy/trade/trade/comercio_externo/habilitacoes-importador/
GET,/economy/trade/trade/comercio_externo/habilitacoes-importador/
GET,/economy/trade/trade/comercio_externo/habilitacoes-importador/{item_id}
PATCH,/economy/trade/trade/comercio_externo/habilitacoes-importador/{item_id}/aprovar
PATCH,/economy/trade/trade/comercio_externo/habilitacoes-importador/{item_id}/reabrir
PATCH,/economy/trade/trade/comercio_externo/habilitacoes-importador/{item_id}/rejeitar
POST,/economy/trade/trade/comercio_externo/importadores/
GET,/economy/trade/trade/comercio_externo/importadores/
GET,/economy/trade/trade/comercio_externo/importadores/{item_id}
PATCH,/economy/trade/trade/comercio_externo/importadores/{item_id}/cancelar
PATCH,/economy/trade/trade/comercio_externo/importadores/{item_id}/habilitar
PATCH,/economy/trade/trade/comercio_externo/importadores/{item_id}/paises-origem
PATCH,/economy/trade/trade/comercio_externo/importadores/{item_id}/produtos
PATCH,/economy/trade/trade/comercio_externo/importadores/{item_id}/reabilitar
PATCH,/economy/trade/trade/comercio_externo/importadores/{item_id}/suspender
POST,/economy/trade/trade/comercio_externo/radar/
GET,/economy/trade/trade/comercio_externo/radar/
GET,/economy/trade/trade/comercio_externo/radar/{item_id}
PATCH,/economy/trade/trade/comercio_externo/radar/{item_id}/cancelar
PATCH,/economy/trade/trade/comercio_externo/radar/{item_id}/habilitar
PATCH,/economy/trade/trade/comercio_externo/radar/{item_id}/reabilitar
PATCH,/economy/trade/trade/comercio_externo/radar/{item_id}/suspender
POST,/economy/trade/trade/comercio_externo/siscomex_drawback/
GET,/economy/trade/trade/comercio_externo/siscomex_drawback/
GET,/economy/trade/trade/comercio_externo/siscomex_drawback/{item_id}
PATCH,/economy/trade/trade/comercio_externo/siscomex_drawback/{item_id}/aprovar
PATCH,/economy/trade/trade/comercio_externo/siscomex_drawback/{item_id}/reabrir
PATCH,/economy/trade/trade/comercio_externo/siscomex_drawback/{item_id}/rejeitar
POST,/economy/trade/trade/comercio_externo/suspensao_radar/
GET,/economy/trade/trade/comercio_externo/suspensao_radar/
GET,/economy/trade/trade/comercio_externo/suspensao_radar/{item_id}
PATCH,/economy/trade/trade/comercio_externo/suspensao_radar/{item_id}/aprovar
PATCH,/economy/trade/trade/comercio_externo/suspensao_radar/{item_id}/reabrir
PATCH,/economy/trade/trade/comercio_externo/suspensao_radar/{item_id}/rejeitar
POST,/economy/trade/trade/comercio_externo/transportadores-internacionais/
GET,/economy/trade/trade/comercio_externo/transportadores-internacionais/
GET,/economy/trade/trade/comercio_externo/transportadores-internacionais/{item_id}
PATCH,/economy/trade/trade/comercio_externo/transportadores-internacionais/{item_id}/cancelar
PATCH,/economy/trade/trade/comercio_externo/transportadores-internacionais/{item_id}/habilitar
PATCH,/economy/trade/trade/comercio_externo/transportadores-internacionais/{item_id}/reabilitar
PATCH,/economy/trade/trade/comercio_externo/transportadores-internacionais/{item_id}/suspender
POST,/economy/trade/trade/comercio_servicos/estabelecimentos_comerciais/
GET,/economy/trade/trade/comercio_servicos/estabelecimentos_comerciais/
GET,/economy/trade/trade/comercio_servicos/estabelecimentos_comerciais/{item_id}
PATCH,/economy/trade/trade/comercio_servicos/estabelecimentos_comerciais/{item_id}/associar_ramo
PATCH,/economy/trade/trade/comercio_servicos/estabelecimentos_comerciais/{item_id}/definir_porte
PATCH,/economy/trade/trade/comercio_servicos/estabelecimentos_comerciais/{item_id}/encerrar
PATCH,/economy/trade/trade/comercio_servicos/estabelecimentos_comerciais/{item_id}/iniciar_atividades
PATCH,/economy/trade/trade/comercio_servicos/estabelecimentos_comerciais/{item_id}/suspender_atividades
GET,/economy/trade/trade/comercio_servicos/portes
GET,/economy/trade/trade/comercio_servicos/ramos
GET,/educacao/tests/educacao-test/health
GET,/energy/billing/billing/health
GET,/energy/distribution/distribution/health
GET,/energy/generation/generation/health
GET,/energy/tests/energy-test/health
GET,/governance/administracao_local/administracao_local/health
GET,/governance/cooperacao_internacional/cooperacao-internacional/acordos/
POST,/governance/cooperacao_internacional/cooperacao-internacional/acordos/
GET,/governance/cooperacao_internacional/cooperacao-internacional/acordos/vencimento/proximo
POST,/governance/cooperacao_internacional/cooperacao-internacional/acordos/{acordo_id}/assinar
POST,/governance/cooperacao_internacional/cooperacao-internacional/acordos/{acordo_id}/ratificar
POST,/governance/cooperacao_internacional/cooperacao-internacional/acordos/{acordo_id}/vigor
GET,/governance/cooperacao_internacional/cooperacao-internacional/projetos/
POST,/governance/cooperacao_internacional/cooperacao-internacional/projetos/
POST,/governance/cooperacao_internacional/cooperacao-internacional/projetos/{projeto_id}/aprovar
POST,/governance/cooperacao_internacional/cooperacao-internacional/projetos/{projeto_id}/iniciar-execucao
GET,/governance/cooperacao_internacional/cooperacao-internacional/vistos/
POST,/governance/cooperacao_internacional/cooperacao-internacional/vistos/
POST,/governance/cooperacao_internacional/cooperacao-internacional/vistos/{visto_id}/analisar
POST,/governance/cooperacao_internacional/cooperacao-internacional/vistos/{visto_id}/aprovar
POST,/governance/cooperacao_internacional/cooperacao-internacional/vistos/{visto_id}/emitir
POST,/governance/cooperacao_internacional/cooperacao-internacional/vistos/{visto_id}/negar
POST,/governance/service_requests/service-requests/
GET,/governance/service_requests/service-requests/assigned
GET,/governance/service_requests/service-requests/entity/{entity_id}
GET,/governance/service_requests/service-requests/me
GET,/governance/service_requests/service-requests/pending
POST,/governance/service_requests/service-requests/search
GET,/governance/service_requests/service-requests/stats/overview
GET,/governance/service_requests/service-requests/{request_id}
POST,/governance/service_requests/service-requests/{request_id}/assign
PATCH,/governance/service_requests/service-requests/{request_id}/status
POST,/governance/service_requests/service-requests/{request_id}/submit
POST,/governance/statistics/statistics/
GET,/governance/statistics/statistics/
GET,/governance/statistics/statistics/analytics/summary
GET,/governance/statistics/statistics/code/{code}
POST,/governance/statistics/statistics/dashboard/collect
GET,/governance/statistics/statistics/dashboard/kpis
GET,/governance/statistics/statistics/{statistic_id}
PUT,/governance/statistics/statistics/{statistic_id}
DELETE,/governance/statistics/statistics/{statistic_id}
GET,/governance/statistics/statistics/{statistic_id}/analytics/average
GET,/governance/statistics/statistics/{statistic_id}/analytics/minmax
GET,/governance/statistics/statistics/{statistic_id}/analytics/sum
POST,/governance/statistics/statistics/{statistic_id}/bulk-record
GET,/governance/statistics/statistics/{statistic_id}/latest
GET,/governance/statistics/statistics/{statistic_id}/period
POST,/governance/statistics/statistics/{statistic_id}/record
GET,/governance/statistics/statistics/{statistic_id}/series
DELETE,/governance/statistics/statistics/{statistic_id}/series/{timeseries_id}
GET,/governance/tests/governance-test/health
GET,/governance/workflow/workflow/instances/{instance_id}
GET,/governance/workflow/workflow/instances/{instance_id}/timeline
POST,/governance/workflow/workflow/instances/{instance_id}/transitions
POST,/governance/workflow/workflow/start
GET,/governance/workflow/workflow/tasks/my
GET,/governance/workflow/workflow/tasks/pending
POST,/governance/workflow/workflow/tasks/{task_id}/assign
POST,/governance/workflow/workflow/tasks/{task_id}/complete
GET,/health
OPTIONS,/health
GET,/identity/middleware/middleware/health
GET,/identity/subdomains/biometric_identity/biometric_identity/health
GET,/identity/subdomains/citizen_digital_wallet/citizen_digital_wallet/health
GET,/identity/subdomains/citizen_identity_graph/citizen_identity_graph/health
GET,/identity/subdomains/cross_border_identity/cross_border_identity/health
GET,/identity/subdomains/decentralized_identity/decentralized_identity/health
GET,/identity/subdomains/device_identity/device_identity/health
GET,/identity/subdomains/digital_signature_service/digital_signature_service/health
GET,/identity/subdomains/legal_signature_validation/legal_signature_validation/health
GET,/identity/subdomains/national_certificate_authority/national_certificate_authority/health
GET,/identity/subdomains/national_login/national_login/health
GET,/identity/subdomains/oidc_provider/.well-known/openid-configuration
GET,/identity/subdomains/oidc_provider/jwks
POST,/identity/subdomains/oidc_provider/token
GET,/identity/subdomains/permission_graph/permission_graph/health
GET,/identity/subdomains/policy_evaluator/policy_evaluator/health
GET,/identity/subdomains/role_engine/role_engine/health
GET,/identity/subdomains/saml_gateway/saml_gateway/health
GET,/identity/subdomains/smartcard_identity/smartcard_identity/health
GET,/identity/subdomains/sovereign_access_control/sovereign_access_control/health
GET,/identity/subdomains/sovereign_trust_engine/sovereign_trust_engine/health
POST,/identity/subdomains/verifiable_credentials/verifiable_credentials/revoke
GET,/identity/subdomains/verifiable_credentials/verifiable_credentials/status/{registry_index}
GET,/info
GET,/infrastructure/tests/infrastructure-test/health
GET,/infrastructure_sector/aviacao_civil/aviacao-civil/aeronaves/
POST,/infrastructure_sector/aviacao_civil/aviacao-civil/aeronaves/
GET,/infrastructure_sector/aviacao_civil/aviacao-civil/aeronaves/{aeronave_id}
GET,/infrastructure_sector/aviacao_civil/aviacao-civil/ocorrencias/
POST,/infrastructure_sector/aviacao_civil/aviacao-civil/ocorrencias/
POST,/infrastructure_sector/aviacao_civil/aviacao-civil/voos/
GET,/infrastructure_sector/aviacao_civil/aviacao-civil/voos/ativos
GET,/infrastructure_sector/aviacao_civil/aviacao-civil/voos/estatisticas/dia
POST,/infrastructure_sector/aviacao_civil/aviacao-civil/voos/{voo_id}/decolagem
POST,/infrastructure_sector/aviacao_civil/aviacao-civil/voos/{voo_id}/pouso
POST,/infrastructure_sector/gestao_fundiaria/gestao-fundiaria/desapropriacoes/
GET,/infrastructure_sector/gestao_fundiaria/gestao-fundiaria/desapropriacoes/
GET,/infrastructure_sector/gestao_fundiaria/gestao-fundiaria/desapropriacoes/{numero_processo}
POST,/infrastructure_sector/gestao_fundiaria/gestao-fundiaria/desapropriacoes/{numero_processo}/cancelar
POST,/infrastructure_sector/gestao_fundiaria/gestao-fundiaria/desapropriacoes/{numero_processo}/decretar
POST,/infrastructure_sector/gestao_fundiaria/gestao-fundiaria/desapropriacoes/{numero_processo}/encerrar
POST,/infrastructure_sector/gestao_fundiaria/gestao-fundiaria/desapropriacoes/{numero_processo}/pagamento
POST,/infrastructure_sector/gestao_fundiaria/gestao-fundiaria/georreferenciamentos/
GET,/infrastructure_sector/gestao_fundiaria/gestao-fundiaria/georreferenciamentos/
GET,/infrastructure_sector/gestao_fundiaria/gestao-fundiaria/georreferenciamentos/{codigo_geo}
POST,/infrastructure_sector/gestao_fundiaria/gestao-fundiaria/georreferenciamentos/{codigo_geo}/invalidar
POST,/infrastructure_sector/gestao_fundiaria/gestao-fundiaria/georreferenciamentos/{codigo_geo}/ponto
POST,/infrastructure_sector/gestao_fundiaria/gestao-fundiaria/imoveis/
GET,/infrastructure_sector/gestao_fundiaria/gestao-fundiaria/imoveis/
GET,/infrastructure_sector/gestao_fundiaria/gestao-fundiaria/imoveis/{inscricao_imobiliaria}
POST,/infrastructure_sector/gestao_fundiaria/gestao-fundiaria/imoveis/{inscricao_imobiliaria}/area
POST,/infrastructure_sector/gestao_fundiaria/gestao-fundiaria/imoveis/{inscricao_imobiliaria}/desativar
POST,/infrastructure_sector/gestao_fundiaria/gestao-fundiaria/imoveis/{inscricao_imobiliaria}/matricula
POST,/infrastructure_sector/gestao_fundiaria/gestao-fundiaria/imoveis/{inscricao_imobiliaria}/proprietario
POST,/infrastructure_sector/gestao_fundiaria/gestao-fundiaria/imoveis/{inscricao_imobiliaria}/situacao
POST,/infrastructure_sector/gestao_fundiaria/gestao-fundiaria/matriculas/
GET,/infrastructure_sector/gestao_fundiaria/gestao-fundiaria/matriculas/
GET,/infrastructure_sector/gestao_fundiaria/gestao-fundiaria/matriculas/{numero_matricula}
POST,/infrastructure_sector/gestao_fundiaria/gestao-fundiaria/matriculas/{numero_matricula}/cancelar
POST,/infrastructure_sector/gestao_fundiaria/gestao-fundiaria/matriculas/{numero_matricula}/transferir
POST,/infrastructure_sector/gestao_fundiaria/gestao-fundiaria/oneracoes/
GET,/infrastructure_sector/gestao_fundiaria/gestao-fundiaria/oneracoes/
GET,/infrastructure_sector/gestao_fundiaria/gestao-fundiaria/oneracoes/{numero_oneracao}
POST,/infrastructure_sector/gestao_fundiaria/gestao-fundiaria/oneracoes/{numero_oneracao}/baixar
POST,/infrastructure_sector/gestao_fundiaria/gestao-fundiaria/oneracoes/{numero_oneracao}/cancelar
POST,/infrastructure_sector/gestao_fundiaria/gestao-fundiaria/proprietarios/
GET,/infrastructure_sector/gestao_fundiaria/gestao-fundiaria/proprietarios/
GET,/infrastructure_sector/gestao_fundiaria/gestao-fundiaria/proprietarios/{numero_cadastro}
POST,/infrastructure_sector/gestao_fundiaria/gestao-fundiaria/proprietarios/{numero_cadastro}/contato
POST,/infrastructure_sector/gestao_fundiaria/gestao-fundiaria/proprietarios/{numero_cadastro}/desativar
POST,/infrastructure_sector/gestao_fundiaria/gestao-fundiaria/proprietarios/{numero_cadastro}/titularidade
GET,/infrastructure_sector/logistica/logistica/health
POST,/infrastructure_sector/meteorologia/meteorologia/estacoes/
GET,/infrastructure_sector/meteorologia/meteorologia/estacoes/
GET,/infrastructure_sector/meteorologia/meteorologia/estacoes/{estacao_id}
PUT,/infrastructure_sector/meteorologia/meteorologia/estacoes/{estacao_id}
DELETE,/infrastructure_sector/meteorologia/meteorologia/estacoes/{estacao_id}
POST,/infrastructure_sector/meteorologia/meteorologia/observacoes/
GET,/infrastructure_sector/meteorologia/meteorologia/observacoes/alertas/recentes
GET,/infrastructure_sector/meteorologia/meteorologia/observacoes/estacao/{estacao_id}
GET,/infrastructure_sector/meteorologia/meteorologia/observacoes/{observacao_id}
POST,/infrastructure_sector/telecomunicacoes/telecomunicacoes/assinantes/
GET,/infrastructure_sector/telecomunicacoes/telecomunicacoes/assinantes/
GET,/infrastructure_sector/telecomunicacoes/telecomunicacoes/assinantes/{assinante_id}
DELETE,/infrastructure_sector/telecomunicacoes/telecomunicacoes/assinantes/{assinante_id}
PATCH,/infrastructure_sector/telecomunicacoes/telecomunicacoes/assinantes/{assinante_id}/status
POST,/infrastructure_sector/telecomunicacoes/telecomunicacoes/espectros/
GET,/infrastructure_sector/telecomunicacoes/telecomunicacoes/espectros/
GET,/infrastructure_sector/telecomunicacoes/telecomunicacoes/espectros/{espectro_id}
DELETE,/infrastructure_sector/telecomunicacoes/telecomunicacoes/espectros/{espectro_id}
PATCH,/infrastructure_sector/telecomunicacoes/telecomunicacoes/espectros/{espectro_id}/status
PATCH,/infrastructure_sector/telecomunicacoes/telecomunicacoes/espectros/{espectro_id}/vincular-outorga
GET,/infrastructure_sector/telecomunicacoes/telecomunicacoes/faturas/assinante/{assinante_id}
POST,/infrastructure_sector/telecomunicacoes/telecomunicacoes/faturas/{assinante_id}
GET,/infrastructure_sector/telecomunicacoes/telecomunicacoes/indicadores-qualidade/
POST,/infrastructure_sector/telecomunicacoes/telecomunicacoes/indicadores-qualidade/gerar
GET,/infrastructure_sector/telecomunicacoes/telecomunicacoes/indicadores-qualidade/{indicador_id}
DELETE,/infrastructure_sector/telecomunicacoes/telecomunicacoes/indicadores-qualidade/{indicador_id}
POST,/infrastructure_sector/telecomunicacoes/telecomunicacoes/infraestruturas/
GET,/infrastructure_sector/telecomunicacoes/telecomunicacoes/infraestruturas/
GET,/infrastructure_sector/telecomunicacoes/telecomunicacoes/infraestruturas/{infraestrutura_id}
DELETE,/infrastructure_sector/telecomunicacoes/telecomunicacoes/infraestruturas/{infraestrutura_id}
PATCH,/infrastructure_sector/telecomunicacoes/telecomunicacoes/infraestruturas/{infraestrutura_id}/status
POST,/infrastructure_sector/telecomunicacoes/telecomunicacoes/operadoras/
GET,/infrastructure_sector/telecomunicacoes/telecomunicacoes/operadoras/
GET,/infrastructure_sector/telecomunicacoes/telecomunicacoes/operadoras/{operadora_id}
DELETE,/infrastructure_sector/telecomunicacoes/telecomunicacoes/operadoras/{operadora_id}
PATCH,/infrastructure_sector/telecomunicacoes/telecomunicacoes/operadoras/{operadora_id}/autorizar
POST,/infrastructure_sector/telecomunicacoes/telecomunicacoes/outorgas-espectro/
GET,/infrastructure_sector/telecomunicacoes/telecomunicacoes/outorgas-espectro/
GET,/infrastructure_sector/telecomunicacoes/telecomunicacoes/outorgas-espectro/{outorga_id}
DELETE,/infrastructure_sector/telecomunicacoes/telecomunicacoes/outorgas-espectro/{outorga_id}
PATCH,/infrastructure_sector/telecomunicacoes/telecomunicacoes/outorgas-espectro/{outorga_id}/status
POST,/infrastructure_sector/telecomunicacoes/telecomunicacoes/qualidade-servico/
GET,/infrastructure_sector/telecomunicacoes/telecomunicacoes/qualidade-servico/
GET,/infrastructure_sector/telecomunicacoes/telecomunicacoes/qualidade-servico/{medicao_id}
DELETE,/infrastructure_sector/telecomunicacoes/telecomunicacoes/qualidade-servico/{medicao_id}
PATCH,/infrastructure_sector/telecomunicacoes/telecomunicacoes/qualidade-servico/{medicao_id}/status
POST,/infrastructure_sector/telecomunicacoes/telecomunicacoes/reclamacoes/
GET,/infrastructure_sector/telecomunicacoes/telecomunicacoes/reclamacoes/assinante/{assinante_id}
POST,/infrastructure_sector/telecomunicacoes/telecomunicacoes/slas/
GET,/infrastructure_sector/telecomunicacoes/telecomunicacoes/slas/
GET,/infrastructure_sector/telecomunicacoes/telecomunicacoes/slas/{sla_id}
DELETE,/infrastructure_sector/telecomunicacoes/telecomunicacoes/slas/{sla_id}
PATCH,/infrastructure_sector/telecomunicacoes/telecomunicacoes/slas/{sla_id}/status
GET,/infrastructure_sector/tests/infrastructure-sector-test/health
POST,/infrastructure_sector/urbanismo_habitacao/urbanismo-habitacao/licencas-urbanisticas/
GET,/infrastructure_sector/urbanismo_habitacao/urbanismo-habitacao/licencas-urbanisticas/
GET,/infrastructure_sector/urbanismo_habitacao/urbanismo-habitacao/licencas-urbanisticas/{codigo_licenca}
POST,/infrastructure_sector/urbanismo_habitacao/urbanismo-habitacao/licencas-urbanisticas/{codigo_licenca}/analise
POST,/infrastructure_sector/urbanismo_habitacao/urbanismo-habitacao/licencas-urbanisticas/{codigo_licenca}/cancelar
POST,/infrastructure_sector/urbanismo_habitacao/urbanismo-habitacao/licencas-urbanisticas/{codigo_licenca}/deferir
POST,/infrastructure_sector/urbanismo_habitacao/urbanismo-habitacao/licencas-urbanisticas/{codigo_licenca}/indeferir
POST,/infrastructure_sector/urbanismo_habitacao/urbanismo-habitacao/licencas-urbanisticas/{codigo_licenca}/pendencia
POST,/infrastructure_sector/urbanismo_habitacao/urbanismo-habitacao/loteamentos/
GET,/infrastructure_sector/urbanismo_habitacao/urbanismo-habitacao/loteamentos/
GET,/infrastructure_sector/urbanismo_habitacao/urbanismo-habitacao/loteamentos/{codigo_loteamento}
POST,/infrastructure_sector/urbanismo_habitacao/urbanismo-habitacao/loteamentos/{codigo_loteamento}/aprovar
POST,/infrastructure_sector/urbanismo_habitacao/urbanismo-habitacao/loteamentos/{codigo_loteamento}/cancelar
POST,/infrastructure_sector/urbanismo_habitacao/urbanismo-habitacao/loteamentos/{codigo_loteamento}/concluir
POST,/infrastructure_sector/urbanismo_habitacao/urbanismo-habitacao/loteamentos/{codigo_loteamento}/implantar-lotes
POST,/infrastructure_sector/urbanismo_habitacao/urbanismo-habitacao/loteamentos/{codigo_loteamento}/iniciar-implantacao
POST,/infrastructure_sector/urbanismo_habitacao/urbanismo-habitacao/loteamentos/{codigo_loteamento}/retomar
POST,/infrastructure_sector/urbanismo_habitacao/urbanismo-habitacao/loteamentos/{codigo_loteamento}/suspender
POST,/infrastructure_sector/urbanismo_habitacao/urbanismo-habitacao/operacoes-urbanas/
GET,/infrastructure_sector/urbanismo_habitacao/urbanismo-habitacao/operacoes-urbanas/
GET,/infrastructure_sector/urbanismo_habitacao/urbanismo-habitacao/operacoes-urbanas/{codigo_operacao}
POST,/infrastructure_sector/urbanismo_habitacao/urbanismo-habitacao/operacoes-urbanas/{codigo_operacao}/aprovar
POST,/infrastructure_sector/urbanismo_habitacao/urbanismo-habitacao/operacoes-urbanas/{codigo_operacao}/cancelar
POST,/infrastructure_sector/urbanismo_habitacao/urbanismo-habitacao/operacoes-urbanas/{codigo_operacao}/concluir
POST,/infrastructure_sector/urbanismo_habitacao/urbanismo-habitacao/operacoes-urbanas/{codigo_operacao}/execucao
POST,/infrastructure_sector/urbanismo_habitacao/urbanismo-habitacao/operacoes-urbanas/{codigo_operacao}/iniciar-execucao
POST,/infrastructure_sector/urbanismo_habitacao/urbanismo-habitacao/operacoes-urbanas/{codigo_operacao}/retomar
POST,/infrastructure_sector/urbanismo_habitacao/urbanismo-habitacao/operacoes-urbanas/{codigo_operacao}/suspender
POST,/infrastructure_sector/urbanismo_habitacao/urbanismo-habitacao/parcelamentos/
GET,/infrastructure_sector/urbanismo_habitacao/urbanismo-habitacao/parcelamentos/
GET,/infrastructure_sector/urbanismo_habitacao/urbanismo-habitacao/parcelamentos/{codigo_parcelamento}
POST,/infrastructure_sector/urbanismo_habitacao/urbanismo-habitacao/parcelamentos/{codigo_parcelamento}/analise
POST,/infrastructure_sector/urbanismo_habitacao/urbanismo-habitacao/parcelamentos/{codigo_parcelamento}/aprovar
POST,/infrastructure_sector/urbanismo_habitacao/urbanismo-habitacao/parcelamentos/{codigo_parcelamento}/cancelar
POST,/infrastructure_sector/urbanismo_habitacao/urbanismo-habitacao/parcelamentos/{codigo_parcelamento}/concluir
POST,/infrastructure_sector/urbanismo_habitacao/urbanismo-habitacao/parcelamentos/{codigo_parcelamento}/iniciar-execucao
POST,/infrastructure_sector/urbanismo_habitacao/urbanismo-habitacao/planos-diretores/
GET,/infrastructure_sector/urbanismo_habitacao/urbanismo-habitacao/planos-diretores/
GET,/infrastructure_sector/urbanismo_habitacao/urbanismo-habitacao/planos-diretores/{codigo_plano}
POST,/infrastructure_sector/urbanismo_habitacao/urbanismo-habitacao/planos-diretores/{codigo_plano}/aprovar-camara
POST,/infrastructure_sector/urbanismo_habitacao/urbanismo-habitacao/planos-diretores/{codigo_plano}/aprovar-prefeitura
POST,/infrastructure_sector/urbanismo_habitacao/urbanismo-habitacao/planos-diretores/{codigo_plano}/audiencia-publica
POST,/infrastructure_sector/urbanismo_habitacao/urbanismo-habitacao/planos-diretores/{codigo_plano}/consulta-publica
POST,/infrastructure_sector/urbanismo_habitacao/urbanismo-habitacao/planos-diretores/{codigo_plano}/publicar
POST,/infrastructure_sector/urbanismo_habitacao/urbanismo-habitacao/planos-diretores/{codigo_plano}/sancionar
POST,/infrastructure_sector/urbanismo_habitacao/urbanismo-habitacao/planos-diretores/{codigo_plano}/validade
POST,/infrastructure_sector/urbanismo_habitacao/urbanismo-habitacao/zoneamento/
GET,/infrastructure_sector/urbanismo_habitacao/urbanismo-habitacao/zoneamento/
GET,/infrastructure_sector/urbanismo_habitacao/urbanismo-habitacao/zoneamento/{codigo_zoneamento}
POST,/infrastructure_sector/urbanismo_habitacao/urbanismo-habitacao/zoneamento/{codigo_zoneamento}/aprovar
POST,/infrastructure_sector/urbanismo_habitacao/urbanismo-habitacao/zoneamento/{codigo_zoneamento}/consulta-publica
POST,/infrastructure_sector/urbanismo_habitacao/urbanismo-habitacao/zoneamento/{codigo_zoneamento}/parametros
POST,/infrastructure_sector/urbanismo_habitacao/urbanismo-habitacao/zoneamento/{codigo_zoneamento}/revogar
POST,/infrastructure_sector/urbanismo_habitacao/urbanismo-habitacao/zoneamento/{codigo_zoneamento}/suspender
POST,/infrastructure_sector/urbanismo_habitacao/urbanismo-habitacao/zoneamento/{codigo_zoneamento}/vigorar
GET,/intelligence/bi/bi/dashboards/assistencia
GET,/intelligence/bi/bi/dashboards/domain/{domain}
GET,/intelligence/bi/bi/dashboards/educacao
GET,/intelligence/bi/bi/dashboards/emprego
GET,/intelligence/bi/bi/dashboards/executivo
GET,/intelligence/bi/bi/dashboards/financas
GET,/intelligence/bi/bi/dashboards/financas-publicas
GET,/intelligence/bi/bi/dashboards/identidade
GET,/intelligence/bi/bi/dashboards/juventude
GET,/intelligence/bi/bi/dashboards/saude
GET,/intelligence/bi/bi/dashboards/service-requests
GET,/intelligence/bi/bi/dashboards/workflow
GET,/intelligence/bi/bi/domains
GET,/intelligence/bi/bi/kpis
GET,/intelligence/bi/bi/kpis/assistencia
GET,/intelligence/bi/bi/kpis/domain/{domain}
GET,/intelligence/bi/bi/kpis/educacao
GET,/intelligence/bi/bi/kpis/emprego
GET,/intelligence/bi/bi/kpis/financas
GET,/intelligence/bi/bi/kpis/financas-publicas
GET,/intelligence/bi/bi/kpis/identidade
GET,/intelligence/bi/bi/kpis/juventude
GET,/intelligence/bi/bi/kpis/saude
GET,/intelligence/bi/bi/kpis/service-requests
GET,/intelligence/bi/bi/kpis/workflow
POST,/intelligence/ciencia_pesquisa/ciencia-pesquisa/instituicoes/
GET,/intelligence/ciencia_pesquisa/ciencia-pesquisa/instituicoes/
GET,/intelligence/ciencia_pesquisa/ciencia-pesquisa/instituicoes/{instituicao_id}
DELETE,/intelligence/ciencia_pesquisa/ciencia-pesquisa/instituicoes/{instituicao_id}
PATCH,/intelligence/ciencia_pesquisa/ciencia-pesquisa/instituicoes/{instituicao_id}/credenciar
PATCH,/intelligence/ciencia_pesquisa/ciencia-pesquisa/instituicoes/{instituicao_id}/descredenciar
PATCH,/intelligence/ciencia_pesquisa/ciencia-pesquisa/instituicoes/{instituicao_id}/suspender
POST,/intelligence/ciencia_pesquisa/ciencia-pesquisa/pesquisadores/
GET,/intelligence/ciencia_pesquisa/ciencia-pesquisa/pesquisadores/
GET,/intelligence/ciencia_pesquisa/ciencia-pesquisa/pesquisadores/{pesquisador_id}
DELETE,/intelligence/ciencia_pesquisa/ciencia-pesquisa/pesquisadores/{pesquisador_id}
PATCH,/intelligence/ciencia_pesquisa/ciencia-pesquisa/pesquisadores/{pesquisador_id}/encerrar-vinculo
PATCH,/intelligence/ciencia_pesquisa/ciencia-pesquisa/pesquisadores/{pesquisador_id}/vincular-instituicao
POST,/intelligence/ciencia_pesquisa/ciencia-pesquisa/projetos/
GET,/intelligence/ciencia_pesquisa/ciencia-pesquisa/projetos/
GET,/intelligence/ciencia_pesquisa/ciencia-pesquisa/projetos/{projeto_id}
DELETE,/intelligence/ciencia_pesquisa/ciencia-pesquisa/projetos/{projeto_id}
PATCH,/intelligence/ciencia_pesquisa/ciencia-pesquisa/projetos/{projeto_id}/aprovar
PATCH,/intelligence/ciencia_pesquisa/ciencia-pesquisa/projetos/{projeto_id}/encerrar
PATCH,/intelligence/ciencia_pesquisa/ciencia-pesquisa/projetos/{projeto_id}/iniciar-execucao
PATCH,/intelligence/ciencia_pesquisa/ciencia-pesquisa/projetos/{projeto_id}/suspender
PATCH,/intelligence/ciencia_pesquisa/ciencia-pesquisa/projetos/{projeto_id}/vincular-pesquisadores
GET,/intelligence/defesa_consumidor/defesa_consumidor/arbitragem/ping
GET,/intelligence/defesa_consumidor/defesa_consumidor/consumidores/ping
GET,/intelligence/defesa_consumidor/defesa_consumidor/estabelecimentos/ping
GET,/intelligence/defesa_consumidor/defesa_consumidor/mediacao/ping
GET,/intelligence/defesa_consumidor/defesa_consumidor/produtos/ping
GET,/intelligence/defesa_consumidor/defesa_consumidor/recalls/ping
POST,/intelligence/defesa_consumidor/defesa_consumidor/reclamacoes/
GET,/intelligence/defesa_consumidor/defesa_consumidor/reclamacoes/
GET,/intelligence/defesa_consumidor/defesa_consumidor/reclamacoes/{reclamacao_id}
DELETE,/intelligence/defesa_consumidor/defesa_consumidor/reclamacoes/{reclamacao_id}
PATCH,/intelligence/defesa_consumidor/defesa_consumidor/reclamacoes/{reclamacao_id}/escalar
PATCH,/intelligence/defesa_consumidor/defesa_consumidor/reclamacoes/{reclamacao_id}/finalizar
PATCH,/intelligence/defesa_consumidor/defesa_consumidor/reclamacoes/{reclamacao_id}/status
GET,/intelligence/defesa_consumidor/defesa_consumidor/sancoes/ping
POST,/intelligence/operations/operations/orders
GET,/intelligence/operations/operations/orders/{order_id}
POST,/intelligence/operations/operations/orders/{order_id}/complete
POST,/intelligence/operations/operations/orders/{order_id}/documents
GET,/intelligence/operations/operations/orders/{order_id}/receipt
POST,/intelligence/operations/operations/orders/{order_id}/submit
POST,/intelligence/operations/operations/payments/{order_id}/generate
POST,/intelligence/operations/operations/payments/{reference}/confirm
GET,/intelligence/operations/operations/services
GET,/intelligence/tests/intelligence-test/health
GET,/justice/_deprecated/justice-deprecated/health
GET,/justice/events/events/health
GET,/justice/tests/justice-test/health
GET,/logistics/tests/logistics-test/health
GET,/metrics
GET,/migration_service/tests/migration-service-test/health
GET,/notifications
GET,/portal/catalog
GET,/procurement/tests/procurement-test/health
GET,/public_security/tests/public-security-test/health
POST,/resources/agricultura/agricultura/assistencia/
GET,/resources/agricultura/agricultura/assistencia/
GET,/resources/agricultura/agricultura/assistencia/{codigo_assistencia}
POST,/resources/agricultura/agricultura/assistencia/{codigo_assistencia}/cancelar
POST,/resources/agricultura/agricultura/assistencia/{codigo_assistencia}/concluir
POST,/resources/agricultura/agricultura/certificacoes/
GET,/resources/agricultura/agricultura/certificacoes/
GET,/resources/agricultura/agricultura/certificacoes/{codigo_certificacao}
POST,/resources/agricultura/agricultura/certificacoes/{codigo_certificacao}/aprovar
POST,/resources/agricultura/agricultura/certificacoes/{codigo_certificacao}/reprovar
POST,/resources/agricultura/agricultura/colheitas/
GET,/resources/agricultura/agricultura/colheitas/
GET,/resources/agricultura/agricultura/colheitas/{codigo_colheita}
POST,/resources/agricultura/agricultura/comercializacao/
GET,/resources/agricultura/agricultura/comercializacao/
GET,/resources/agricultura/agricultura/comercializacao/{codigo_comercializacao}
POST,/resources/agricultura/agricultura/creditos/
GET,/resources/agricultura/agricultura/creditos/
GET,/resources/agricultura/agricultura/creditos/{codigo_credito}
POST,/resources/agricultura/agricultura/creditos/{codigo_credito}/aprovar
POST,/resources/agricultura/agricultura/creditos/{codigo_credito}/desembolsar
GET,/resources/agricultura/agricultura/culturas/
POST,/resources/agricultura/agricultura/culturas/
GET,/resources/agricultura/agricultura/culturas/{codigo_cultura}
POST,/resources/agricultura/agricultura/equipamentos/
GET,/resources/agricultura/agricultura/equipamentos/
GET,/resources/agricultura/agricultura/equipamentos/{codigo_equipamento}
POST,/resources/agricultura/agricultura/equipamentos/{codigo_equipamento}/concluir-manutencao
POST,/resources/agricultura/agricultura/equipamentos/{codigo_equipamento}/enviar-manutencao
POST,/resources/agricultura/agricultura/equipamentos/{codigo_equipamento}/finalizar-uso
POST,/resources/agricultura/agricultura/equipamentos/{codigo_equipamento}/inativar
POST,/resources/agricultura/agricultura/equipamentos/{codigo_equipamento}/iniciar-uso
POST,/resources/agricultura/agricultura/equipamentos/{codigo_equipamento}/registrar-uso
POST,/resources/agricultura/agricultura/estoques/
GET,/resources/agricultura/agricultura/estoques/
GET,/resources/agricultura/agricultura/estoques/{codigo_estoque}
POST,/resources/agricultura/agricultura/fitossanidade/
GET,/resources/agricultura/agricultura/fitossanidade/
GET,/resources/agricultura/agricultura/fitossanidade/{codigo_ocorrencia}
POST,/resources/agricultura/agricultura/fitossanidade/{codigo_ocorrencia}/resolver
POST,/resources/agricultura/agricultura/fitossanidade/{codigo_ocorrencia}/tratar
GET,/resources/agricultura/agricultura/insumos/
POST,/resources/agricultura/agricultura/insumos/
GET,/resources/agricultura/agricultura/insumos/{codigo_insumo}
POST,/resources/agricultura/agricultura/insumos/{codigo_insumo}/baixa
POST,/resources/agricultura/agricultura/insumos/{codigo_insumo}/entrada
POST,/resources/agricultura/agricultura/operacoes/
GET,/resources/agricultura/agricultura/operacoes/
GET,/resources/agricultura/agricultura/operacoes/{codigo_operacao}
POST,/resources/agricultura/agricultura/plantios/
GET,/resources/agricultura/agricultura/plantios/
GET,/resources/agricultura/agricultura/plantios/{codigo_plantio}
POST,/resources/agricultura/agricultura/plantios/{codigo_plantio}/cancelar
POST,/resources/agricultura/agricultura/plantios/{codigo_plantio}/executar
POST,/resources/agricultura/agricultura/produtores/
GET,/resources/agricultura/agricultura/produtores/
GET,/resources/agricultura/agricultura/produtores/{cadastro_produtor}
POST,/resources/agricultura/agricultura/produtores/{cadastro_produtor}/ativar
POST,/resources/agricultura/agricultura/propriedades/
GET,/resources/agricultura/agricultura/propriedades/
GET,/resources/agricultura/agricultura/propriedades/{codigo_propriedade}
GET,/resources/agricultura/agricultura/safras/
POST,/resources/agricultura/agricultura/safras/
GET,/resources/agricultura/agricultura/safras/{codigo_safra}
POST,/resources/agricultura/agricultura/safras/{codigo_safra}/colher
POST,/resources/agricultura/agricultura/safras/{codigo_safra}/iniciar
POST,/resources/agricultura/agricultura/talhoes/
GET,/resources/agricultura/agricultura/talhoes/
GET,/resources/agricultura/agricultura/talhoes/{codigo_talhao}
POST,/resources/agricultura/agricultura/talhoes/{codigo_talhao}/ativar
POST,/resources/agricultura/agricultura/talhoes/{codigo_talhao}/desativar
POST,/resources/agricultura/agricultura/zoneamento/
GET,/resources/agricultura/agricultura/zoneamento/
GET,/resources/agricultura/agricultura/zoneamento/cadastro-ambiental/
GET,/resources/agricultura/agricultura/zoneamento/cadastro-ambiental/{codigo_cadastro_ambiental}
POST,/resources/agricultura/agricultura/zoneamento/cadastro-ambiental/{codigo_cadastro_ambiental}/pendencias
POST,/resources/agricultura/agricultura/zoneamento/cadastro-ambiental/{codigo_cadastro_ambiental}/sanear-pendencias
POST,/resources/agricultura/agricultura/zoneamento/cadastro-ambiental/{codigo_cadastro_ambiental}/validar
GET,/resources/agricultura/agricultura/zoneamento/{codigo_zoneamento}
POST,/resources/agricultura/agricultura/zoneamento/{codigo_zoneamento}/cadastro-ambiental
POST,/resources/agricultura/agricultura/zoneamento/{codigo_zoneamento}/revisao
POST,/resources/agricultura/agricultura/zoneamento/{codigo_zoneamento}/revogar
POST,/resources/aguas_saneamento/aguas-saneamento/abastecimento/
GET,/resources/aguas_saneamento/aguas-saneamento/abastecimento/
GET,/resources/aguas_saneamento/aguas-saneamento/abastecimento/{codigo_abastecimento}
POST,/resources/aguas_saneamento/aguas-saneamento/abastecimento/{codigo_abastecimento}/encerrar
POST,/resources/aguas_saneamento/aguas-saneamento/abastecimento/{codigo_abastecimento}/iniciar
POST,/resources/aguas_saneamento/aguas-saneamento/abastecimento/{codigo_abastecimento}/interromper
POST,/resources/aguas_saneamento/aguas-saneamento/abastecimento/{codigo_abastecimento}/retomar
POST,/resources/aguas_saneamento/aguas-saneamento/consumo/
GET,/resources/aguas_saneamento/aguas-saneamento/consumo/
GET,/resources/aguas_saneamento/aguas-saneamento/consumo/{codigo_consumo}
POST,/resources/aguas_saneamento/aguas-saneamento/consumo/{codigo_consumo}/cancelar
POST,/resources/aguas_saneamento/aguas-saneamento/consumo/{codigo_consumo}/faturar
POST,/resources/aguas_saneamento/aguas-saneamento/consumo/{codigo_consumo}/validar
POST,/resources/aguas_saneamento/aguas-saneamento/faturas/
GET,/resources/aguas_saneamento/aguas-saneamento/faturas/
GET,/resources/aguas_saneamento/aguas-saneamento/faturas/{numero_fatura}
POST,/resources/aguas_saneamento/aguas-saneamento/faturas/{numero_fatura}/cancelar
POST,/resources/aguas_saneamento/aguas-saneamento/faturas/{numero_fatura}/pagar
POST,/resources/aguas_saneamento/aguas-saneamento/infraestrutura/
GET,/resources/aguas_saneamento/aguas-saneamento/infraestrutura/
GET,/resources/aguas_saneamento/aguas-saneamento/infraestrutura/{codigo_infraestrutura}
POST,/resources/aguas_saneamento/aguas-saneamento/infraestrutura/{codigo_infraestrutura}/ativar
POST,/resources/aguas_saneamento/aguas-saneamento/infraestrutura/{codigo_infraestrutura}/desativar
POST,/resources/aguas_saneamento/aguas-saneamento/infraestrutura/{codigo_infraestrutura}/interditar
POST,/resources/aguas_saneamento/aguas-saneamento/infraestrutura/{codigo_infraestrutura}/manutencao
POST,/resources/aguas_saneamento/aguas-saneamento/infraestrutura/{codigo_infraestrutura}/reativar
POST,/resources/aguas_saneamento/aguas-saneamento/outorgas/
GET,/resources/aguas_saneamento/aguas-saneamento/outorgas/
GET,/resources/aguas_saneamento/aguas-saneamento/outorgas/{numero_outorga}
POST,/resources/aguas_saneamento/aguas-saneamento/outorgas/{numero_outorga}/analise
POST,/resources/aguas_saneamento/aguas-saneamento/outorgas/{numero_outorga}/cancelar
POST,/resources/aguas_saneamento/aguas-saneamento/outorgas/{numero_outorga}/deferir
POST,/resources/aguas_saneamento/aguas-saneamento/outorgas/{numero_outorga}/indeferir
POST,/resources/aguas_saneamento/aguas-saneamento/outorgas/{numero_outorga}/renovar
POST,/resources/aguas_saneamento/aguas-saneamento/outorgas/{numero_outorga}/suspender
POST,/resources/ambiente/ambiente/autos-infracao/
GET,/resources/ambiente/ambiente/autos-infracao/
GET,/resources/ambiente/ambiente/autos-infracao/{numero_auto}
POST,/resources/ambiente/ambiente/autos-infracao/{numero_auto}/julgar
POST,/resources/ambiente/ambiente/autos-infracao/{numero_auto}/notificar
POST,/resources/ambiente/ambiente/autos-infracao/{numero_auto}/recurso
POST,/resources/ambiente/ambiente/car/
GET,/resources/ambiente/ambiente/car/
POST,/resources/ambiente/ambiente/car/imoveis
POST,/resources/ambiente/ambiente/car/proprietarios
GET,/resources/ambiente/ambiente/car/{numero_car}
POST,/resources/ambiente/ambiente/car/{numero_car}/aprovar
POST,/resources/ambiente/ambiente/car/{numero_car}/areas
POST,/resources/ambiente/ambiente/car/{numero_car}/pendencia
POST,/resources/ambiente/ambiente/car/{numero_car}/submeter
POST,/resources/ambiente/ambiente/condicionantes/
GET,/resources/ambiente/ambiente/condicionantes/
GET,/resources/ambiente/ambiente/condicionantes/{codigo_condicionante}
POST,/resources/ambiente/ambiente/condicionantes/{codigo_condicionante}/concluir
POST,/resources/ambiente/ambiente/condicionantes/{codigo_condicionante}/descumprir
POST,/resources/ambiente/ambiente/condicionantes/{codigo_condicionante}/iniciar
POST,/resources/ambiente/ambiente/embargos/
GET,/resources/ambiente/ambiente/embargos/
GET,/resources/ambiente/ambiente/embargos/{numero_embargo}
POST,/resources/ambiente/ambiente/embargos/{numero_embargo}/levantar
POST,/resources/ambiente/ambiente/embargos/{numero_embargo}/suspender
POST,/resources/ambiente/ambiente/estudos/
GET,/resources/ambiente/ambiente/estudos/
GET,/resources/ambiente/ambiente/estudos/{numero_estudo}
POST,/resources/ambiente/ambiente/estudos/{numero_estudo}/analise
POST,/resources/ambiente/ambiente/estudos/{numero_estudo}/aprovar
POST,/resources/ambiente/ambiente/estudos/{numero_estudo}/complementacao
POST,/resources/ambiente/ambiente/fiscalizacoes/
GET,/resources/ambiente/ambiente/fiscalizacoes/
GET,/resources/ambiente/ambiente/fiscalizacoes/{numero_fiscalizacao}
POST,/resources/ambiente/ambiente/fiscalizacoes/{numero_fiscalizacao}/cancelar
POST,/resources/ambiente/ambiente/fiscalizacoes/{numero_fiscalizacao}/concluir
POST,/resources/ambiente/ambiente/fiscalizacoes/{numero_fiscalizacao}/iniciar
POST,/resources/ambiente/ambiente/licencas/
GET,/resources/ambiente/ambiente/licencas/
GET,/resources/ambiente/ambiente/licencas/{numero_licenca}
POST,/resources/ambiente/ambiente/licencas/{numero_licenca}/analise
POST,/resources/ambiente/ambiente/licencas/{numero_licenca}/cancelar
POST,/resources/ambiente/ambiente/licencas/{numero_licenca}/deferir
POST,/resources/ambiente/ambiente/licencas/{numero_licenca}/indeferir
POST,/resources/ambiente/ambiente/licencas/{numero_licenca}/suspender
POST,/resources/ambiente/ambiente/multas/
GET,/resources/ambiente/ambiente/multas/
GET,/resources/ambiente/ambiente/multas/{numero_multa}
POST,/resources/ambiente/ambiente/multas/{numero_multa}/cancelar
POST,/resources/ambiente/ambiente/multas/{numero_multa}/pagar
POST,/resources/ambiente/ambiente/multas/{numero_multa}/parcelar
GET,/resources/florestas/florestas/alertas-desmatamento/
GET,/resources/florestas/florestas/apreensoes-madeira/
GET,/resources/florestas/florestas/autorizacoes-supressao/
GET,/resources/florestas/florestas/autos-infracao-florestais/
GET,/resources/florestas/florestas/car-florestal/
GET,/resources/florestas/florestas/certificacoes-florestais/
GET,/resources/florestas/florestas/combates-incendio/
GET,/resources/florestas/florestas/comercializacao-florestal/
GET,/resources/florestas/florestas/comunidades/
GET,/resources/florestas/florestas/concessoes-florestais/
GET,/resources/florestas/florestas/cras/
GET,/resources/florestas/florestas/creditos-carbono/
GET,/resources/florestas/florestas/desmatamentos-ilegais/
GET,/resources/florestas/florestas/dofs/
GET,/resources/florestas/florestas/embargos-florestais/
GET,/resources/florestas/florestas/empresas-florestais/
GET,/resources/florestas/florestas/especies-florestais/
GET,/resources/florestas/florestas/estatisticas-florestais/
GET,/resources/florestas/florestas/estatisticas-florestais/integracao
GET,/resources/florestas/florestas/estatisticas-florestais/operacional
GET,/resources/florestas/florestas/estatisticas-florestais/relatorios/integracao
GET,/resources/florestas/florestas/estatisticas-florestais/relatorios/operacional
GET,/resources/florestas/florestas/exploracoes/
GET,/resources/florestas/florestas/exportacoes-madeira/
GET,/resources/florestas/florestas/fiscalizacoes-florestais/
GET,/resources/florestas/florestas/focos-calor/
GET,/resources/florestas/florestas/incendios-florestais/
POST,/resources/florestas/florestas/inventarios/
GET,/resources/florestas/florestas/inventarios/
GET,/resources/florestas/florestas/licencas-manejo/
GET,/resources/florestas/florestas/madeiras/
GET,/resources/florestas/florestas/monitoramentos-satelite/
GET,/resources/florestas/florestas/multas-florestais/
GET,/resources/florestas/florestas/ocorrencias-incendio/
GET,/resources/florestas/florestas/operadores-florestais/
POST,/resources/florestas/florestas/operadores-florestais/
GET,/resources/florestas/florestas/outorgas-florestais/
POST,/resources/florestas/florestas/planos-manejo/
GET,/resources/florestas/florestas/planos-manejo/
GET,/resources/florestas/florestas/pnfms/
GET,/resources/florestas/florestas/produtos-florestais/
GET,/resources/florestas/florestas/projetos-carbono/
GET,/resources/florestas/florestas/recuperacoes-area/
GET,/resources/florestas/florestas/redds/
GET,/resources/florestas/florestas/reflorestamentos/
GET,/resources/florestas/florestas/reposicoes-florestais/
GET,/resources/florestas/florestas/reservas-legais/
GET,/resources/florestas/florestas/talhoes/
POST,/resources/florestas/florestas/unidades-manejo/
GET,/resources/florestas/florestas/unidades-manejo/
GET,/resources/florestas/florestas/unidades-manejo/{unidade_id}
GET,/resources/florestas/florestas/viveiros/
POST,/resources/pecuaria/pecuaria/animais/
GET,/resources/pecuaria/pecuaria/animais/
GET,/resources/pecuaria/pecuaria/animais/{animal_id}
POST,/resources/pecuaria/pecuaria/pecuaristas/
GET,/resources/pecuaria/pecuaria/pecuaristas/
GET,/resources/pecuaria/pecuaria/pecuaristas/{cadastro_pecuarista}
POST,/resources/pecuaria/pecuaria/pecuaristas/{cadastro_pecuarista}/ativar
GET,/resources/pecuaria/pecuaria/producao/
POST,/resources/pecuaria/pecuaria/producao/carne
POST,/resources/pecuaria/pecuaria/producao/leite
POST,/resources/pecuaria/pecuaria/propriedades/
GET,/resources/pecuaria/pecuaria/propriedades/
GET,/resources/pecuaria/pecuaria/propriedades/{codigo_propriedade}
POST,/resources/pecuaria/pecuaria/rebanhos/
GET,/resources/pecuaria/pecuaria/rebanhos/
GET,/resources/pecuaria/pecuaria/rebanhos/{codigo_rebanho}
POST,/resources/pecuaria/pecuaria/sanidade/vacinas
GET,/resources/pecuaria/pecuaria/sanidade/vacinas
GET,/resources/pescas/industrial/pescas-industriais/armadores-industriais/
GET,/resources/pescas/industrial/pescas-industriais/certificacoes/
GET,/resources/pescas/industrial/pescas-industriais/embarcacoes-industriais/
GET,/resources/pescas/industrial/pescas-industriais/estatisticas/
GET,/resources/pescas/industrial/pescas-industriais/exportacoes-industriais/
GET,/resources/pescas/industrial/pescas-industriais/frigorificos/
POST,/resources/pescas/industrial/pescas-industriais/inspecoes-sanitarias/
GET,/resources/pescas/industrial/pescas-industriais/inspecoes-sanitarias/
GET,/resources/pescas/industrial/pescas-industriais/inspecoes-sanitarias/{inspecao_id}
DELETE,/resources/pescas/industrial/pescas-industriais/inspecoes-sanitarias/{inspecao_id}
PATCH,/resources/pescas/industrial/pescas-industriais/inspecoes-sanitarias/{inspecao_id}/status
GET,/resources/pescas/industrial/pescas-industriais/licencas-operacao/
POST,/resources/pescas/industrial/pescas-industriais/lotes-producao/
GET,/resources/pescas/industrial/pescas-industriais/lotes-producao/
GET,/resources/pescas/industrial/pescas-industriais/lotes-producao/{lote_id}
PATCH,/resources/pescas/industrial/pescas-industriais/lotes-producao/{lote_id}
DELETE,/resources/pescas/industrial/pescas-industriais/lotes-producao/{lote_id}
POST,/resources/pescas/industrial/pescas-industriais/produtos-processados/
GET,/resources/pescas/industrial/pescas-industriais/produtos-processados/
GET,/resources/pescas/industrial/pescas-industriais/produtos-processados/{produto_id}
PATCH,/resources/pescas/industrial/pescas-industriais/produtos-processados/{produto_id}
DELETE,/resources/pescas/industrial/pescas-industriais/produtos-processados/{produto_id}
GET,/resources/pescas/industrial/pescas-industriais/rastreabilidade/
POST,/resources/pescas/industrial/pescas-industriais/unidades-processamento/
GET,/resources/pescas/industrial/pescas-industriais/unidades-processamento/
GET,/resources/pescas/industrial/pescas-industriais/unidades-processamento/{unidade_id}
DELETE,/resources/pescas/industrial/pescas-industriais/unidades-processamento/{unidade_id}
PATCH,/resources/pescas/industrial/pescas-industriais/unidades-processamento/{unidade_id}/capacidade
POST,/resources/pescas/pescas/armadores/
GET,/resources/pescas/pescas/armadores/
GET,/resources/pescas/pescas/armadores/{armador_id}
POST,/resources/pescas/pescas/capturas/
GET,/resources/pescas/pescas/capturas/
GET,/resources/pescas/pescas/capturas/{captura_id}
GET,/resources/pescas/pescas/comercializacao/
POST,/resources/pescas/pescas/comercializacao/
GET,/resources/pescas/pescas/defesos/
POST,/resources/pescas/pescas/defesos/
GET,/resources/pescas/pescas/desembarques/
POST,/resources/pescas/pescas/desembarques/
POST,/resources/pescas/pescas/embarcacoes/
GET,/resources/pescas/pescas/embarcacoes/
GET,/resources/pescas/pescas/embarcacoes/{embarcacao_id}
GET,/resources/pescas/pescas/especies/
POST,/resources/pescas/pescas/especies/
GET,/resources/pescas/pescas/especies/{especie_id}
GET,/resources/pescas/pescas/fiscalizacao/
POST,/resources/pescas/pescas/fiscalizacao/
GET,/resources/pescas/pescas/licencas-pesca/
POST,/resources/pescas/pescas/licencas-pesca/
GET,/resources/pescas/pescas/licencas-pesca/{licenca_id}
POST,/resources/pescas/pescas/pescadores/
GET,/resources/pescas/pescas/pescadores/
GET,/resources/pescas/pescas/pescadores/{pescador_id}
GET,/resources/pescas/pescas/producao/
POST,/resources/pescas/pescas/producao/
GET,/resources/pescas/pescas/quotas/
POST,/resources/pescas/pescas/quotas/
POST,/resources/pescas/pescas/quotas/{quota_id}/consumo
GET,/resources/pescas/pescas/rastreabilidade/
POST,/resources/pescas/pescas/rastreabilidade/
GET,/resources/tests/resources-test/health
GET,/sla/base
GET,/sla/base/{service_id}
POST,/sla/calculate
POST,/sla/calculate/batch
GET,/sla/health
POST,/sla/overrides
POST,/sla/policies
POST,/sla/predict
GET,/sla/service/{service_id}
GET,/sla/violations
POST,/sla/violations/{violation_id}/escalate
POST,/society/assistencia_social/assistencia-social/atendimentos/
GET,/society/assistencia_social/assistencia-social/atendimentos/
GET,/society/assistencia_social/assistencia-social/atendimentos/{atendimento_id}
DELETE,/society/assistencia_social/assistencia-social/atendimentos/{atendimento_id}
PATCH,/society/assistencia_social/assistencia-social/atendimentos/{atendimento_id}/encerrar
GET,/society/assistencia_social/assistencia-social/beneficiarios/
POST,/society/assistencia_social/assistencia-social/beneficiarios/
GET,/society/assistencia_social/assistencia-social/beneficiarios/{beneficiario_id}
DELETE,/society/assistencia_social/assistencia-social/beneficiarios/{beneficiario_id}
PATCH,/society/assistencia_social/assistencia-social/beneficiarios/{beneficiario_id}/inativar
PATCH,/society/assistencia_social/assistencia-social/beneficiarios/{beneficiario_id}/suspender
POST,/society/assistencia_social/assistencia-social/beneficios/
GET,/society/assistencia_social/assistencia-social/beneficios/
POST,/society/assistencia_social/assistencia-social/beneficios/bpc-pcd
GET,/society/assistencia_social/assistencia-social/beneficios/{beneficio_id}
DELETE,/society/assistencia_social/assistencia-social/beneficios/{beneficio_id}
PATCH,/society/assistencia_social/assistencia-social/beneficios/{beneficio_id}/aprovar
PATCH,/society/assistencia_social/assistencia-social/beneficios/{beneficio_id}/encerrar
PATCH,/society/assistencia_social/assistencia-social/beneficios/{beneficio_id}/negar
PATCH,/society/assistencia_social/assistencia-social/beneficios/{beneficio_id}/suspender
GET,/society/assistencia_social/assistencia-social/cadastros-unicos/
POST,/society/assistencia_social/assistencia-social/cadastros-unicos/
GET,/society/assistencia_social/assistencia-social/cadastros-unicos/{cadastro_id}
DELETE,/society/assistencia_social/assistencia-social/cadastros-unicos/{cadastro_id}
POST,/society/assistencia_social/assistencia-social/criancas-risco/
GET,/society/assistencia_social/assistencia-social/criancas-risco/
GET,/society/assistencia_social/assistencia-social/criancas-risco/{item_id}
DELETE,/society/assistencia_social/assistencia-social/criancas-risco/{item_id}
PATCH,/society/assistencia_social/assistencia-social/criancas-risco/{item_id}/encerrar
POST,/society/assistencia_social/assistencia-social/idosos-vulneraveis/
GET,/society/assistencia_social/assistencia-social/idosos-vulneraveis/
GET,/society/assistencia_social/assistencia-social/idosos-vulneraveis/{item_id}
DELETE,/society/assistencia_social/assistencia-social/idosos-vulneraveis/{item_id}
PATCH,/society/assistencia_social/assistencia-social/idosos-vulneraveis/{item_id}/encerrar
POST,/society/assistencia_social/assistencia-social/pcd/
GET,/society/assistencia_social/assistencia-social/pcd/
GET,/society/assistencia_social/assistencia-social/pcd/{item_id}
DELETE,/society/assistencia_social/assistencia-social/pcd/{item_id}
PATCH,/society/assistencia_social/assistencia-social/pcd/{item_id}/ativar-bpc
PATCH,/society/assistencia_social/assistencia-social/pcd/{item_id}/encerrar
GET,/society/assistencia_social/assistencia-social/programas-sociais/
POST,/society/assistencia_social/assistencia-social/programas-sociais/
GET,/society/assistencia_social/assistencia-social/programas-sociais/{programa_id}
DELETE,/society/assistencia_social/assistencia-social/programas-sociais/{programa_id}
PATCH,/society/assistencia_social/assistencia-social/programas-sociais/{programa_id}/ativar
PATCH,/society/assistencia_social/assistencia-social/programas-sociais/{programa_id}/encerrar
PATCH,/society/assistencia_social/assistencia-social/programas-sociais/{programa_id}/suspender
POST,/society/assistencia_social/assistencia-social/situacoes-rua/
GET,/society/assistencia_social/assistencia-social/situacoes-rua/
GET,/society/assistencia_social/assistencia-social/situacoes-rua/{situacao_id}
DELETE,/society/assistencia_social/assistencia-social/situacoes-rua/{situacao_id}
PATCH,/society/assistencia_social/assistencia-social/situacoes-rua/{situacao_id}/encerrar
POST,/society/assistencia_social/assistencia-social/visitas-domiciliares/
GET,/society/assistencia_social/assistencia-social/visitas-domiciliares/
GET,/society/assistencia_social/assistencia-social/visitas-domiciliares/{visita_id}
DELETE,/society/assistencia_social/assistencia-social/visitas-domiciliares/{visita_id}
POST,/society/cultura/cultura/artistas/
GET,/society/cultura/cultura/artistas/
GET,/society/cultura/cultura/artistas/{artista_id}
PATCH,/society/cultura/cultura/artistas/{artista_id}
DELETE,/society/cultura/cultura/artistas/{artista_id}
POST,/society/cultura/cultura/bens-culturais/
GET,/society/cultura/cultura/bens-culturais/
GET,/society/cultura/cultura/bens-culturais/{bem_id}
PATCH,/society/cultura/cultura/bens-culturais/{bem_id}
DELETE,/society/cultura/cultura/bens-culturais/{bem_id}
PATCH,/society/cultura/cultura/bens-culturais/{bem_id}/tombar
POST,/society/cultura/cultura/editais/
GET,/society/cultura/cultura/editais/
GET,/society/cultura/cultura/editais/{edital_id}
DELETE,/society/cultura/cultura/editais/{edital_id}
PATCH,/society/cultura/cultura/editais/{edital_id}/abrir-inscricoes
PATCH,/society/cultura/cultura/editais/{edital_id}/encerrar-inscricoes
PATCH,/society/cultura/cultura/editais/{edital_id}/inscrever
PATCH,/society/cultura/cultura/editais/{edital_id}/selecionar
POST,/society/cultura/cultura/espacos-culturais/
GET,/society/cultura/cultura/espacos-culturais/
GET,/society/cultura/cultura/espacos-culturais/{espaco_id}
PATCH,/society/cultura/cultura/espacos-culturais/{espaco_id}
DELETE,/society/cultura/cultura/espacos-culturais/{espaco_id}
POST,/society/cultura/cultura/eventos-culturais/
GET,/society/cultura/cultura/eventos-culturais/
GET,/society/cultura/cultura/eventos-culturais/{evento_id}
PATCH,/society/cultura/cultura/eventos-culturais/{evento_id}
DELETE,/society/cultura/cultura/eventos-culturais/{evento_id}
POST,/society/cultura/cultura/grupos-artisticos/
GET,/society/cultura/cultura/grupos-artisticos/
GET,/society/cultura/cultura/grupos-artisticos/{grupo_id}
PATCH,/society/cultura/cultura/grupos-artisticos/{grupo_id}
DELETE,/society/cultura/cultura/grupos-artisticos/{grupo_id}
POST,/society/cultura/cultura/patrimonios-imateriais/
GET,/society/cultura/cultura/patrimonios-imateriais/
GET,/society/cultura/cultura/patrimonios-imateriais/{patrimonio_id}
PATCH,/society/cultura/cultura/patrimonios-imateriais/{patrimonio_id}
DELETE,/society/cultura/cultura/patrimonios-imateriais/{patrimonio_id}
POST,/society/cultura/cultura/projetos-culturais/
GET,/society/cultura/cultura/projetos-culturais/
GET,/society/cultura/cultura/projetos-culturais/{projeto_id}
PATCH,/society/cultura/cultura/projetos-culturais/{projeto_id}
DELETE,/society/cultura/cultura/projetos-culturais/{projeto_id}
PATCH,/society/cultura/cultura/projetos-culturais/{projeto_id}/aprovar
PATCH,/society/cultura/cultura/projetos-culturais/{projeto_id}/concluir
PATCH,/society/cultura/cultura/projetos-culturais/{projeto_id}/iniciar
PATCH,/society/cultura/cultura/projetos-culturais/{projeto_id}/reprovar
POST,/society/desporto/desporto/atletas/
GET,/society/desporto/desporto/atletas/
GET,/society/desporto/desporto/atletas/{atleta_id}
PATCH,/society/desporto/desporto/atletas/{atleta_id}
DELETE,/society/desporto/desporto/atletas/{atleta_id}
POST,/society/desporto/desporto/atletas/{atleta_id}/lesao
POST,/society/desporto/desporto/atletas/{atleta_id}/recuperar
POST,/society/desporto/desporto/clubes/
GET,/society/desporto/desporto/clubes/
GET,/society/desporto/desporto/clubes/{clube_id}
PATCH,/society/desporto/desporto/clubes/{clube_id}
DELETE,/society/desporto/desporto/clubes/{clube_id}
POST,/society/desporto/desporto/competicoes/
GET,/society/desporto/desporto/competicoes/
GET,/society/desporto/desporto/competicoes/{competicao_id}
PATCH,/society/desporto/desporto/competicoes/{competicao_id}
DELETE,/society/desporto/desporto/competicoes/{competicao_id}
POST,/society/desporto/desporto/estadios/
GET,/society/desporto/desporto/estadios/
GET,/society/desporto/desporto/estadios/{estadio_id}
PATCH,/society/desporto/desporto/estadios/{estadio_id}
DELETE,/society/desporto/desporto/estadios/{estadio_id}
POST,/society/desporto/desporto/jogos/
GET,/society/desporto/desporto/jogos/
GET,/society/desporto/desporto/jogos/{jogo_id}
PATCH,/society/desporto/desporto/jogos/{jogo_id}
DELETE,/society/desporto/desporto/jogos/{jogo_id}
POST,/society/desporto/desporto/jogos/{jogo_id}/resultado
POST,/society/emprego/emprego/avaliacoes/desempenho-publico
POST,/society/emprego/emprego/candidatos/
GET,/society/emprego/emprego/candidatos/
GET,/society/emprego/emprego/candidatos/{candidato_id}
POST,/society/emprego/emprego/candidatos/{candidato_id}/desativar
POST,/society/emprego/emprego/capacitacoes/qualidade
POST,/society/emprego/emprego/certificacoes/competencias
POST,/society/emprego/emprego/certificacoes/profissionais
POST,/society/emprego/emprego/concursos/inscricoes
POST,/society/emprego/emprego/concursos/resultados
POST,/society/emprego/emprego/credenciamentos
POST,/society/emprego/emprego/estagios/publicos
POST,/society/emprego/emprego/formacoes/avancadas
POST,/society/emprego/emprego/formacoes/certificadas
POST,/society/emprego/emprego/formacoes/gestores
POST,/society/emprego/emprego/formacoes/profissional
POST,/society/emprego/emprego/formacoes/reconversao
POST,/society/emprego/emprego/inscricoes/tecnico
POST,/society/emprego/emprego/mediacoes
POST,/society/emprego/emprego/mediacoes/emprego
POST,/society/emprego/emprego/mobilidade/funcao-publica
POST,/society/emprego/emprego/ofertas
POST,/society/emprego/emprego/programas/alfabetizacao
POST,/society/emprego/emprego/trabalho/contratos
POST,/society/emprego/emprego/trabalho/declaracoes-desemprego
POST,/society/emprego/emprego/trabalho/fiscalizacoes
POST,/society/emprego/emprego/trabalho/mediacoes
POST,/society/emprego/emprego/trabalho/reclamacoes
GET,/society/emprego/emprego/workflow/citizen/{citizen_id}
GET,/society/emprego/emprego/workflow/{item_id}
POST,/society/emprego/emprego/workflow/{item_id}/cancelar
POST,/society/emprego/emprego/workflow/{item_id}/concluir
GET,/society/familia/familia/dependencies/health
POST,/society/familia/familia/families
GET,/society/familia/familia/families/citizen/{citizen_id}
GET,/society/familia/familia/families/citizen/{citizen_id}/active
GET,/society/familia/familia/families/citizen/{citizen_id}/dependents
GET,/society/familia/familia/families/{family_id}
DELETE,/society/familia/familia/families/{family_id}
POST,/society/familia/familia/families/{family_id}/members
PUT,/society/familia/familia/families/{family_id}/transfer-head
GET,/society/familia/familia/families/{family_id}/tree
GET,/society/familia/familia/history/health
GET,/society/familia/familia/members/health
GET,/society/familia/familia/projections/health
GET,/society/familia/familia/relationships/health
POST,/society/juventude/juventude/acompanhamentos/
GET,/society/juventude/juventude/acompanhamentos/
GET,/society/juventude/juventude/acompanhamentos/{acompanhamento_id}
DELETE,/society/juventude/juventude/acompanhamentos/{acompanhamento_id}
PATCH,/society/juventude/juventude/acompanhamentos/{acompanhamento_id}/encerrar
PATCH,/society/juventude/juventude/acompanhamentos/{acompanhamento_id}/evolucoes
POST,/society/juventude/juventude/auxilios/
GET,/society/juventude/juventude/auxilios/
GET,/society/juventude/juventude/auxilios/{auxilio_id}
DELETE,/society/juventude/juventude/auxilios/{auxilio_id}
PATCH,/society/juventude/juventude/auxilios/{auxilio_id}/status
POST,/society/juventude/juventude/bolsas-estudo/
GET,/society/juventude/juventude/bolsas-estudo/
GET,/society/juventude/juventude/bolsas-estudo/{bolsa_id}
DELETE,/society/juventude/juventude/bolsas-estudo/{bolsa_id}
PATCH,/society/juventude/juventude/bolsas-estudo/{bolsa_id}/encerrar
POST,/society/juventude/juventude/empreendedorismo-juvenil/
GET,/society/juventude/juventude/empreendedorismo-juvenil/
GET,/society/juventude/juventude/empreendedorismo-juvenil/{empreendimento_id}
DELETE,/society/juventude/juventude/empreendedorismo-juvenil/{empreendimento_id}
PATCH,/society/juventude/juventude/empreendedorismo-juvenil/{empreendimento_id}/status
POST,/society/juventude/juventude/estagios/
GET,/society/juventude/juventude/estagios/
GET,/society/juventude/juventude/estagios/{estagio_id}
DELETE,/society/juventude/juventude/estagios/{estagio_id}
PATCH,/society/juventude/juventude/estagios/{estagio_id}/status
POST,/society/juventude/juventude/eventos-juvenis/
GET,/society/juventude/juventude/eventos-juvenis/
GET,/society/juventude/juventude/eventos-juvenis/{evento_id}
DELETE,/society/juventude/juventude/eventos-juvenis/{evento_id}
PATCH,/society/juventude/juventude/eventos-juvenis/{evento_id}/abrir-inscricoes
PATCH,/society/juventude/juventude/eventos-juvenis/{evento_id}/concluir
POST,/society/juventude/juventude/eventos-juvenis/{evento_id}/inscricoes
POST,/society/juventude/juventude/formacoes/
GET,/society/juventude/juventude/formacoes/
GET,/society/juventude/juventude/formacoes/{formacao_id}
DELETE,/society/juventude/juventude/formacoes/{formacao_id}
PATCH,/society/juventude/juventude/formacoes/{formacao_id}/status
POST,/society/juventude/juventude/inscricoes-programa/
GET,/society/juventude/juventude/inscricoes-programa/
GET,/society/juventude/juventude/inscricoes-programa/{inscricao_id}
DELETE,/society/juventude/juventude/inscricoes-programa/{inscricao_id}
PATCH,/society/juventude/juventude/inscricoes-programa/{inscricao_id}/cancelar
PATCH,/society/juventude/juventude/inscricoes-programa/{inscricao_id}/concluir
PATCH,/society/juventude/juventude/inscricoes-programa/{inscricao_id}/confirmar
POST,/society/juventude/juventude/intercambios/
GET,/society/juventude/juventude/intercambios/
GET,/society/juventude/juventude/intercambios/{intercambio_id}
DELETE,/society/juventude/juventude/intercambios/{intercambio_id}
PATCH,/society/juventude/juventude/intercambios/{intercambio_id}/status
POST,/society/juventude/juventude/jovens/
GET,/society/juventude/juventude/jovens/
GET,/society/juventude/juventude/jovens/{jovem_id}
PATCH,/society/juventude/juventude/jovens/{jovem_id}
DELETE,/society/juventude/juventude/jovens/{jovem_id}
POST,/society/juventude/juventude/jovens/{jovem_id}/vulnerabilidades
POST,/society/juventude/juventude/mentores/
GET,/society/juventude/juventude/mentores/
GET,/society/juventude/juventude/mentores/{mentor_id}
DELETE,/society/juventude/juventude/mentores/{mentor_id}
PATCH,/society/juventude/juventude/mentores/{mentor_id}/atribuir-jovem
PATCH,/society/juventude/juventude/mentores/{mentor_id}/status
POST,/society/juventude/juventude/politicas-juventude/
GET,/society/juventude/juventude/politicas-juventude/
GET,/society/juventude/juventude/politicas-juventude/{politica_id}
DELETE,/society/juventude/juventude/politicas-juventude/{politica_id}
PATCH,/society/juventude/juventude/politicas-juventude/{politica_id}/status
POST,/society/juventude/juventude/programas/
GET,/society/juventude/juventude/programas/
GET,/society/juventude/juventude/programas/{programa_id}
DELETE,/society/juventude/juventude/programas/{programa_id}
PATCH,/society/juventude/juventude/programas/{programa_id}/status
GET,/society/juventude/juventude/riscos-evasao/
POST,/society/juventude/juventude/riscos-evasao/avaliar
GET,/society/juventude/juventude/riscos-evasao/jovem/{jovem_id}/ativo
GET,/society/juventude/juventude/riscos-evasao/{risco_id}
POST,/society/juventude/juventude/saude-juvenil/
GET,/society/juventude/juventude/saude-juvenil/
GET,/society/juventude/juventude/saude-juvenil/{registo_id}
DELETE,/society/juventude/juventude/saude-juvenil/{registo_id}
PATCH,/society/juventude/juventude/saude-juvenil/{registo_id}/acompanhamento
POST,/society/juventude/juventude/voluntariados/
GET,/society/juventude/juventude/voluntariados/
GET,/society/juventude/juventude/voluntariados/{voluntariado_id}
DELETE,/society/juventude/juventude/voluntariados/{voluntariado_id}
PATCH,/society/juventude/juventude/voluntariados/{voluntariado_id}/status
POST,/society/patrimonio_cultural/patrimonio-cultural/assets/
GET,/society/patrimonio_cultural/patrimonio-cultural/assets/
GET,/society/patrimonio_cultural/patrimonio-cultural/assets/inventory
GET,/society/patrimonio_cultural/patrimonio-cultural/assets/protected/report
GET,/society/patrimonio_cultural/patrimonio-cultural/assets/{asset_id}
POST,/society/patrimonio_cultural/patrimonio-cultural/assets/{asset_id}/classification
POST,/society/patrimonio_cultural/patrimonio-cultural/assets/{asset_id}/events
POST,/society/patrimonio_cultural/patrimonio-cultural/assets/{asset_id}/preservation-actions
POST,/society/seguranca_social/seguranca-social/beneficiarios/
GET,/society/seguranca_social/seguranca-social/beneficiarios/
GET,/society/seguranca_social/seguranca-social/beneficiarios/{beneficiario_id}
POST,/society/seguranca_social/seguranca-social/beneficiarios/{beneficiario_id}/ativar
POST,/society/seguranca_social/seguranca-social/pensoes/
GET,/society/seguranca_social/seguranca-social/pensoes/
GET,/society/seguranca_social/seguranca-social/pensoes/{pensao_id}
POST,/society/seguranca_social/seguranca-social/pensoes/{pensao_id}/aprovar
POST,/society/seguranca_social/seguranca-social/pensoes/{pensao_id}/cancelar
POST,/society/seguranca_social/seguranca-social/pensoes/{pensao_id}/suspender
GET,/society/tests/society-test/health
GET,/system/health
GET,/wallet
