Category,Files Found,Unique Impls,Similarity,Severity,Action,Files Saved,LOC Eliminated,Risk Level,Phase,Est. Days,Difficulty
base_repository.py,28,1,100% identical,CRITICAL,Move to core,27,1400,LOW,P0,0.5,TRIVIAL
domain_exception.py,26,1,100% identical,CRITICAL,Move to core,25,1200,LOW,P0,0.5,TRIVIAL
exceptions.py,181,1,95%+ template,HIGH,Factory Pattern,180,8000,MEDIUM,P1,3,MODERATE
repositories.py,28,1,95%+ template,HIGH,Factory Pattern,27,2100,MEDIUM,P1,2,MODERATE
adapters.py,30,1,95%+ template,HIGH,Factory Pattern,29,2250,MEDIUM,P1,2,MODERATE
routers.py,28,1,85%+ template,HIGH,Standardize,27,1400,MEDIUM,P1,1,EASY
router.py,128,3-4,70-80% similar,MEDIUM,Standardize,125,5600,MEDIUM,P2,3,MODERATE
health.py,119,5,65% variant,MEDIUM,Core Template,114,3600,LOW,P3,2,EASY
TOTAL,568,~25,N/A,MIXED,CONSOLIDATE,543,22400,MEDIUM,ALL,14,MIXED
